Position,Const,Created,Modified,Description,Name,Known For,Birth Date
1,nm0634240,2018-06-28,2024-03-09,"158890 points","Christopher Nolan","Tenet","July 30, 1970"
2,nm0000229,2018-06-05,2022-11-07,"135048 points","Steven Spielberg","Schindler's List","December 18, 1946"
3,nm0000233,2018-06-24,2022-04-03,"111739 points","Quentin Tarantino","Reservoir Dogs","March 27, 1963"
4,nm0000217,2018-06-10,2024-03-09,"108217 points","Martin Scorsese","Killers of the Flower Moon","November 17, 1942"
5,nm0000631,2018-06-12,2025-01-21,"86893 points","Ridley Scott","The Martian","November 30, 1937"
6,nm0000399,2018-06-26,2024-03-10,"85245 points","David Fincher","Se7en","August 28, 1962"
7,nm0000709,2018-06-16,2024-02-24,"68954 points","Robert Zemeckis","Back to the Future","May 14, 1952"
8,nm0000040,2018-05-28,2018-06-29,"63606 points","Stanley Kubrick","2001: A Space Odyssey","July 26, 1928"
9,nm0000142,2018-06-07,2025-01-12,"62749 points","Clint Eastwood","Million Dollar Baby","May 31, 1930"
10,nm0000338,2018-06-06,2019-01-10,"58488 points","Francis Ford Coppola","Apocalypse Now","April 7, 1939"
11,nm0001054,2018-06-16,2023-04-27,"53513 points","Joel Coen","The Ballad of Buster Scruggs","November 29, 1954"
12,nm0001104,2018-06-25,2023-07-02,"53131 points","Frank Darabont","The Green Mile","January 28, 1959"
13,nm0005222,2018-06-29,2022-05-26,"49649 points","Sam Mendes","1917","August 1, 1965"
14,nm0000318,2018-06-22,2024-07-01,"42140 points","Tim Burton","Edward Scissorhands","August 25, 1958"
15,nm0000033,2018-05-20,2019-04-02,"41724 points","Alfred Hitchcock","Psycho","August 13, 1899"
16,nm0898288,2018-07-08,2024-01-08,"39532 points","Denis Villeneuve","Dune: Part One","October 3, 1967"
17,nm0000965,2018-06-25,2024-03-03,"38921 points","Danny Boyle","127 Hours","October 20, 1956"
18,nm0000116,2018-06-16,2023-03-28,"38670 points","James Cameron","Avatar","August 16, 1954"
19,nm0000165,2018-06-20,2024-08-15,"37514 points","Ron Howard","Arrested Development","March 1, 1954"
20,nm0680846,2018-07-07,2023-11-16,"34230 points","Todd Phillips","Joker","December 20, 1970"
21,nm0796117,2018-06-29,2023-01-08,"33951 points","M. Night Shyamalan","Signs","August 6, 1970"
22,nm1349376,2018-07-09,2022-11-16,"33947 points","Francis Lawrence","The Hunger Games: Catching Fire","March 26, 1971"
23,nm0027572,2018-06-30,2024-04-25,"33196 points","Wes Anderson","Fantastic Mr. Fox","May 1, 1969"
24,nm0004716,2018-06-28,2023-03-26,"32413 points","Darren Aronofsky","Pi","February 12, 1969"
25,nm0003506,2018-06-28,2025-02-26,"28839 points","James Mangold","Logan","December 16, 1963"
26,nm0005363,2018-06-28,2022-06-26,"28492 points","Guy Ritchie","Sherlock Holmes","September 10, 1968"
27,nm0000108,2018-06-23,2023-11-01,"28206 points","Luc Besson","The Fifth Element","March 18, 1959"
28,nm0893659,2018-07-02,2024-05-10,"26552 points","Gore Verbinski","Rango","March 16, 1964"
29,nm0339030,2018-07-04,2021-05-07,"26241 points","Paul Greengrass","United 93","August 13, 1955"
30,nm0000591,2018-06-01,2018-07-09,"26022 points","Roman Polanski","Chinatown","August 18, 1933"
31,nm0327944,2018-06-30,2020-01-02,"25665 points","Alejandro G. Iñárritu","Biutiful","August 15, 1963"
32,nm0000095,2018-06-07,2018-07-14,"25099 points","Woody Allen","Annie Hall","November 30, 1935"
33,nm0001466,2018-05-31,2018-06-16,"24377 points","Sergio Leone","Once Upon a Time in America","January 3, 1929"
34,nm0001752,2018-06-22,2023-11-01,"24332 points","Steven Soderbergh","Sex, Lies, and Videotape","January 14, 1963"
35,nm0001716,2018-06-17,2024-12-12,"24173 points","Tony Scott","Domino","June 21, 1944"
36,nm2676052,2024-06-12,2025-01-15,"24160 points","Joseph Kosinski","Top Gun: Maverick","May 3, 1974"
37,nm0000416,2018-06-10,2021-04-20,"22977 points","Terry Gilliam","Brazil","November 22, 1940"
38,nm0001060,2018-06-23,2018-07-01,"22925 points","Chris Columbus","Harry Potter and the Sorcerer's Stone","September 10, 1958"
39,nm0286975,2018-06-30,2024-01-16,"22840 points","Marc Forster","World War Z","November 30, 1969"
40,nm0001661,2018-06-16,2019-01-04,"22834 points","Rob Reiner","All in the Family","March 6, 1947"
41,nm0001837,2018-06-14,2018-07-08,"22682 points","Peter Weir","Master and Commander: The Far Side of the World","August 21, 1944"
42,nm0000361,2018-06-14,2021-07-14,"22635 points","Brian De Palma","Body Double","September 11, 1940"
43,nm0000520,2018-06-24,2019-10-19,"22227 points","Michael Mann","The Insider","February 5, 1943"
44,nm0751102,2018-06-29,2018-07-13,"22172 points","David O. Russell","American Hustle","August 20, 1958"
45,nm0001129,2018-06-23,2018-07-07,"22035 points","Jonathan Demme","The Silence of the Lambs","February 22, 1944"
46,nm0000154,2018-06-26,2018-07-14,"21893 points","Mel Gibson","Braveheart","January 3, 1956"
47,nm0001232,2018-06-10,2018-06-29,"21205 points","Milos Forman","One Flew Over the Cuckoo's Nest","February 18, 1932"
48,nm3227090,2018-07-12,2024-04-12,"20868 points","Damien Chazelle","Whiplash","January 19, 1985"
49,nm0001741,2018-06-26,2023-06-26,"20242 points","Bryan Singer","X-Men","September 17, 1965"
50,nm0001880,2018-06-22,2023-07-14,"20096 points","Edward Zwick","Thirtysomething","October 8, 1952"
51,nm0001486,2018-05-29,2023-04-15,"19785 points","Sidney Lumet","12 Angry Men","June 25, 1924"
52,nm0891216,2018-07-09,2024-08-13,"19676 points","Matthew Vaughn","Kick-Ass","March 7, 1971"
53,nm0000759,2018-06-27,2023-05-01,"19379 points","Paul Thomas Anderson","Punch-Drunk Love","June 26, 1970"
54,nm0000500,2018-06-24,2018-07-12,"18652 points","Richard Linklater","Waking Life","July 30, 1960"
55,nm0426059,2021-06-05,2023-03-05,"18640 points","Rian Johnson","Knives Out","December 17, 1973"
56,nm0942367,2019-09-24,2020-01-15,"18390 points","Edgar Wright","Shaun of the Dead","April 18, 1974"
57,nm0000487,2018-06-28,2018-11-21,"18329 points","Ang Lee","Xi yan","October 23, 1954"
58,nm0000231,2018-06-17,2021-09-06,"18137 points","Oliver Stone","JFK","September 15, 1946"
59,nm0443411,2018-06-28,2018-07-09,"17825 points","Tony Kaye","Detachment","1952"
60,nm0001532,2018-06-20,2023-06-12,"17822 points","John McTiernan","Die Hard","January 8, 1951"
61,nm0000386,2018-07-02,2024-05-28,"17713 points","Roland Emmerich","Independence Day","November 10, 1955"
62,nm0868219,2018-07-04,2024-03-06,"17701 points","Guillermo del Toro","El laberinto del fauno","October 9, 1964"
63,nm0905154,2018-06-29,2018-07-02,"17471 points","Lana Wachowski","The Matrix","June 21, 1965"
64,nm0905152,2018-06-29,2018-07-02,"17471 points","Lilly Wachowski","The Matrix","December 29, 1967"
65,nm0005124,2018-06-26,2018-06-29,"17414 points","John Lasseter","Toy Story 2","January 12, 1957"
66,nm0009190,2018-07-04,2021-09-24,"17412 points","J.J. Abrams","Lost","June 27, 1966"
67,nm0001814,2018-06-26,2023-09-27,"17356 points","Gus Van Sant","Elephant","July 24, 1952"
68,nm0298807,2018-06-30,2021-12-21,"17323 points","Antoine Fuqua","Emancipation","May 30, 1965"
69,nm0525303,2018-06-27,2024-09-15,"17280 points","Baz Luhrmann","Moulin Rouge!","September 17, 1962"
70,nm1139726,2018-07-04,2022-11-14,"17120 points","Neil Burger","Divergent","November 22, 1963"
71,nm0821432,2021-05-26,2022-01-25,"16504 points","Chad Stahelski","John Wick: Chapter 4","September 20, 1968"
72,nm1732981,2018-07-06,2023-05-01,"16491 points","Martin McDonagh","In Bruges","March 26, 1970"
73,nm0000184,2018-06-07,2018-06-11,"16410 points","George Lucas","Star Wars","May 14, 1944"
74,nm0001392,2018-06-25,2018-07-07,"16153 points","Peter Jackson","The Lord of the Rings: The Fellowship of the Ring","October 31, 1961"
75,nm0000255,2018-07-05,2018-07-10,"16143 points","Ben Affleck","Argo","August 15, 1972"
76,nm0094435,2018-07-04,2020-12-31,"16113 points","Bong Joon Ho","Snowpiercer","September 14, 1969"
77,nm0393799,2018-07-07,2018-07-13,"16025 points","Tom Hooper","Cats","October 5, 1972"
78,nm0000948,2018-07-03,2021-05-04,"15787 points","Shane Black","Predator","December 16, 1961"
79,nm0574625,2018-07-03,2018-07-03,"15627 points","James McTeigue","V for Vendetta",
80,nm0449984,2018-06-13,2018-06-13,"15602 points","Irvin Kershner","Star Wars: Episode V - The Empire Strikes Back","April 29, 1923"
81,nm0002657,2018-07-10,2024-02-03,"15564 points","Gary Ross","The Hunger Games","November 3, 1956"
82,nm0576987,2018-07-01,2021-05-02,"15433 points","Fernando Meirelles","The Constant Gardener","November 9, 1955"
83,nm0000697,2018-05-22,2018-05-30,"15231 points","Billy Wilder","The Apartment","June 22, 1906"
84,nm0193485,2018-07-07,2024-01-05,"15225 points","Richard Curtis","Love Actually","November 8, 1956"
85,nm0088955,2021-05-24,2021-09-03,"15020 points","Neill Blomkamp","District 9","September 17, 1979"
86,nm0000583,2018-06-14,2022-08-17,"14963 points","Wolfgang Petersen","Das Boot","March 14, 1941"
87,nm0190859,2018-06-28,2019-01-01,"14845 points","Alfonso Cuarón","Gravity","November 28, 1961"
88,nm0718646,2018-07-03,2018-07-11,"14740 points","Jason Reitman","Up in the Air","October 19, 1977"
89,nm0878763,2018-07-09,2018-07-14,"14580 points","Morten Tyldum","The Imitation Game","May 19, 1967"
90,nm0000490,2018-06-22,2021-05-12,"14426 points","Spike Lee","Do the Right Thing","March 20, 1957"
91,nm0000941,2018-06-23,2024-03-20,"13926 points","Kathryn Bigelow","The Hurt Locker","November 27, 1951"
92,nm0005069,2018-06-29,2018-07-11,"13809 points","Spike Jonze","Her","October 22, 1969"
93,nm2588606,2018-07-07,2023-11-08,"13806 points","Steve McQueen","12 Years a Slave","October 9, 1969"
94,nm0336620,2018-07-07,2023-08-27,"13747 points","F. Gary Gray","Set It Off","July 17, 1969"
95,nm0510731,2018-07-01,2022-08-18,"13677 points","Doug Liman","Edge of Tomorrow","July 24, 1965"
96,nm0000118,2018-06-10,2023-05-17,"13527 points","John Carpenter","The Fog","January 16, 1948"
97,nm1443502,2023-05-03,2024-10-26,"13461 points","Jordan Peele","Nope","February 21, 1979"
98,nm0001469,2018-06-18,2024-01-23,"13143 points","Barry Levinson","Rain Man","April 6, 1942"
99,nm0327273,2018-07-02,2018-07-07,"13142 points","Michel Gondry","Eternal Sunshine of the Spotless Mind","May 8, 1963"
100,nm0570912,2018-07-13,2023-11-21,"12963 points","Adam McKay","Don't Look Up","April 17, 1968"
101,nm0005366,2018-06-29,2021-12-25,"12849 points","Jay Roach","Trumbo","June 14, 1957"
102,nm0001565,2018-06-27,2023-05-29,"12546 points","Mike Newell","Four Weddings and a Funeral","March 28, 1942"
103,nm0001024,2018-07-01,2024-06-16,"12540 points","Nick Cassavetes","Face/Off","May 21, 1959"
104,nm0000122,2018-05-17,2021-04-12,"12476 points","Charles Chaplin","The Great Dictator","April 16, 1889"
105,nm0000186,2018-06-11,2018-06-30,"12441 points","David Lynch","Twin Peaks","January 20, 1946"
106,nm0640334,2018-07-07,2024-01-14,"12279 points","Gavin O'Connor","The Accountant","December 24, 1963"
107,nm0001708,2018-06-24,2023-05-06,"12259 points","Joel Schumacher","The Phantom of the Opera","August 29, 1939"
108,nm0000881,2018-06-27,2018-07-03,"11714 points","Michael Bay","Armageddon","February 17, 1965"
109,nm0004306,2018-06-12,2022-02-08,"11691 points","George Miller","Mad Max: Fury Road","March 3, 1945"
110,nm0661791,2018-07-02,2024-04-25,"11659 points","Park Chan-wook","Ah-ga-ssi","August 23, 1963"
111,nm0002120,2018-06-24,2023-05-23,"11528 points","Lasse Hallström","What's Eating Gilbert Grape","June 2, 1946"
112,nm0504642,2018-07-01,2024-06-07,"11502 points","Louis Leterrier","The Incredible Hulk","June 17, 1973"
113,nm0000041,2018-05-26,2020-08-11,"11471 points","Akira Kurosawa","Kakushi-toride no san-akunin","March 23, 1910"
114,nm0001149,2018-06-10,2024-06-19,"11466 points","Richard Donner","Superman","April 24, 1930"
115,nm0043742,2021-05-23,2024-04-22,"11457 points","David Ayer","End of Watch","January 18, 1968"
116,nm0551128,2018-07-01,2021-10-13,"11451 points","Rob Marshall","Mary Poppins Returns","October 17, 1960"
117,nm4170048,2023-07-16,2025-01-20,"11354 points","Ari Aster","Hereditary","July 15, 1986"
118,nm0610831,2018-07-04,2022-09-19,"10803 points","Gabriele Muccino","Seven Pounds","May 20, 1967"
119,nm0132709,2018-06-26,2024-06-30,"10575 points","Martin Campbell","Casino Royale","October 24, 1943"
120,nm0000343,2018-06-16,2022-05-08,"10542 points","David Cronenberg","The Fly","March 15, 1943"
121,nm0668247,2018-07-01,2024-03-23,"10315 points","Alexander Payne","Nebraska","February 10, 1961"
122,nm0619923,2018-07-09,2018-07-09,"10299 points","Olivier Nakache","Intouchables","April 15, 1973"
123,nm0865918,2018-07-09,2018-07-09,"10299 points","Éric Toledano","Intouchables","July 3, 1971"
124,nm0281808,2018-05-21,2018-05-21,"10200 points","Victor Fleming","Gone with the Wind","February 23, 1889"
125,nm0878756,2018-06-28,2018-07-10,"10146 points","Tom Tykwer","Lola rennt","May 23, 1965"
126,nm0353673,2018-07-02,2018-07-08,"10066 points","Paul Haggis","Crash","March 10, 1953"
127,nm0000576,2018-07-05,2023-03-21,"10013 points","Sean Penn","Mystic River","August 17, 1960"
128,nm0000601,2018-06-24,2018-07-01,"9909 points","Harold Ramis","Ghostbusters","November 21, 1944"
129,nm1512910,2018-07-07,2018-07-09,"9834 points","Duncan Jones","Moon","May 30, 1971"
130,nm0000436,2018-06-27,2024-05-06,"9624 points","Curtis Hanson","L.A. Confidential","March 24, 1945"
131,nm0001566,2018-06-01,2020-01-24,"9510 points","Mike Nichols","The Graduate","November 6, 1931"
132,nm0885249,2018-07-07,2024-01-26,"9475 points","Jean-Marc Vallée","C.R.A.Z.Y.","March 9, 1963"
133,nm0446819,2018-06-30,2018-06-30,"9401 points","Richard Kelly","Donnie Darko","March 28, 1975"
134,nm0001068,2018-06-29,2025-01-19,"9389 points","Sofia Coppola","The Godfather Part III","May 14, 1971"
135,nm0942504,2018-07-03,2023-04-27,"9369 points","Joe Wright","Pride & Prejudice","August 25, 1972"
136,nm3211470,2021-01-19,2025-01-27,"9327 points","Robert Eggers","The Lighthouse","July 7, 1983"
137,nm0487166,2018-07-07,2024-03-11,"9193 points","Yorgos Lanthimos","The Lobster","September 23, 1973"
138,nm0154716,2021-04-08,2023-07-19,"9160 points","Stephen Chbosky","The Perks of Being a Wallflower","January 25, 1970"
139,nm0899121,2018-06-28,2023-07-19,"9136 points","Thomas Vinterberg","Jagten","May 19, 1969"
140,nm0000466,2018-06-26,2020-10-14,"9051 points","Jean-Pierre Jeunet","Un long dimanche de fiançailles","September 3, 1953"
141,nm0197636,2018-07-01,2022-06-10,"9002 points","Stephen Daldry","The Reader","May 2, 1960"
142,nm0716347,2018-07-09,2018-07-11,"8977 points","Nicolas Winding Refn","The Neon Demon","September 29, 1970"
143,nm0583600,2018-06-28,2018-07-13,"8913 points","Nancy Meyers","It's Complicated","December 8, 1949"
144,nm0307497,2018-07-13,2025-01-08,"8902 points","Alex Garland","Ex Machina","May 26, 1970"
145,nm0001639,2021-06-03,2023-06-14,"8894 points","Alex Proyas","Dark City","September 23, 1963"
146,nm0275629,2018-07-09,2018-07-13,"8750 points","Glenn Ficarra","I Love You Phillip Morris",
147,nm0720135,2018-07-09,2018-07-13,"8750 points","John Requa","I Love You Phillip Morris",
148,nm0024622,2018-06-27,2023-05-05,"8630 points","Alejandro Amenábar","Tesis","March 31, 1972"
149,nm0000976,2018-06-20,2025-01-29,"8607 points","Martin Brest","Scent of a Woman","August 8, 1951"
150,nm0359387,2018-07-07,2024-02-14,"8548 points","John Lee Hancock","The Blind Side","December 15, 1956"
151,nm0001885,2018-06-27,2023-03-03,"8542 points","Lars von Trier","Dancer in the Dark","April 30, 1956"
152,nm1429471,2018-07-07,2018-07-12,"8427 points","Jaume Collet-Serra","The Shallows","March 23, 1974"
153,nm1989536,2023-05-05,2023-05-05,"8304 points","Marc Webb","(500) Days of Summer","August 31, 1974"
154,nm0000814,2018-06-10,2018-06-16,"8223 points","John G. Avildsen","Rocky","December 21, 1935"
155,nm0267512,2018-07-04,2024-04-21,"8212 points","Valerie Faris","Little Miss Sunshine","October 20, 1958"
156,nm0206760,2018-07-04,2024-04-21,"8212 points","Jonathan Dayton","Little Miss Sunshine","July 7, 1957"
157,nm0291082,2021-09-20,2021-12-25,"8143 points","Scott Frank","Logan","March 10, 1960"
158,nm1698571,2018-07-11,2018-07-12,"8118 points","Evan Goldberg","This Is the End","May 11, 1982"
159,nm0000916,2018-07-11,2021-11-23,"7909 points","Peter Berg","Chicago Hope","March 11, 1964"
160,nm2284484,2023-09-26,2023-09-26,"7882 points","Gareth Edwards","Monsters","June 1, 1975"
161,nm0000682,2018-06-18,2023-03-20,"7874 points","Paul Verhoeven","RoboCop","July 18, 1938"
162,nm0366004,2021-04-29,2021-04-29,"7856 points","Mary Harron","American Psycho","January 12, 1953"
163,nm0853238,2018-07-09,2018-07-14,"7823 points","Tate Taylor","Get on Up","June 3, 1969"
164,nm0000517,2018-06-07,2018-07-09,"7751 points","Terrence Malick","Days of Heaven","November 30, 1943"
165,nm0587955,2018-07-03,2018-07-12,"7694 points","Bennett Miller","Foxcatcher","December 30, 1966"
166,nm0000431,2018-06-26,2021-04-30,"7650 points","Taylor Hackford","Ray","December 31, 1944"
167,nm0629272,2018-06-27,2018-07-03,"7580 points","Andrew Niccol","Gattaca","June 10, 1964"
168,nm0313623,2018-07-02,2018-07-14,"7568 points","Terry George","Hotel Rwanda","December 20, 1952"
169,nm0001008,2018-05-19,2018-10-15,"7563 points","Frank Capra","It's a Wonderful Life","May 18, 1897"
170,nm0002031,2018-05-20,2018-05-22,"7520 points","Michael Curtiz","Casablanca","December 24, 1886"
171,nm0811583,2024-07-03,2024-07-03,"7474 points","Zack Snyder","300","March 1, 1966"
172,nm0565336,2018-07-02,2018-07-13,"7462 points","Tom McCarthy","Win Win","June 7, 1966"
173,nm0000180,2018-05-22,2018-06-01,"7389 points","David Lean","Lawrence of Arabia","March 25, 1908"
174,nm0000080,2018-05-22,2018-05-29,"7363 points","Orson Welles","Citizen Kane","May 6, 1915"
175,nm0000464,2018-06-17,2018-07-14,"7345 points","Jim Jarmusch","Only Lovers Left Alive","January 22, 1953"
176,nm1206844,2023-11-01,2024-10-13,"7223 points","Drew Goddard","The Martian","February 26, 1975"
177,nm0001081,2018-06-29,2018-06-30,"7190 points","Cameron Crowe","Almost Famous","July 13, 1957"
178,nm0001243,2018-06-05,2023-09-22,"7151 points","William Friedkin","To Live and Die in L.A.","August 29, 1935"
179,nm0002044,2018-06-30,2021-03-04,"7067 points","Roger Donaldson","The World's Fastest Indian","November 15, 1945"
180,nm0637518,2018-06-29,2023-06-21,"7048 points","Phillip Noyce","Rabbit-Proof Fence","April 29, 1950"
181,nm0868153,2018-06-20,2018-07-11,"6892 points","Giuseppe Tornatore","La migliore offerta","May 27, 1956"
182,nm0319659,2018-07-12,2022-12-14,"6836 points","Dan Gilroy","Nightcrawler","June 24, 1959"
183,nm0001241,2018-06-20,2023-10-11,"6773 points","Stephen Frears","Dangerous Liaisons","June 20, 1941"
184,nm0169806,2023-10-02,2023-10-02,"6716 points","Taika Waititi","What We Do in the Shadows","August 16, 1975"
185,nm0001774,2018-07-06,2023-04-15,"6665 points","Ben Stiller","Tropic Thunder","November 30, 1965"
186,nm0000264,2018-06-29,2020-02-09,"6655 points","Pedro Almodóvar","Hable con ella","September 25, 1949"
187,nm0161834,2018-07-08,2018-07-14,"6582 points","Derek Cianfrance","Blue Valentine","January 23, 1974"
188,nm1490123,2018-07-05,2018-07-11,"6578 points","James Wan","Saw","February 26, 1977"
189,nm0000455,2018-06-18,2019-05-14,"6559 points","John Hughes","Planes, Trains & Automobiles","February 18, 1950"
190,nm1164861,2024-06-23,2024-06-23,"6549 points","Seth Gordon","Back in Action","July 15, 1974"
191,nm0000230,2018-06-12,2023-07-26,"6542 points","Sylvester Stallone","Rocky","July 6, 1946"
192,nm0000005,2018-05-29,2020-04-23,"6487 points","Ingmar Bergman","Smultronstället","July 14, 1918"
193,nm0001756,2018-06-27,2018-06-27,"6465 points","Barry Sonnenfeld","Men in Black","April 1, 1953"
194,nm0026442,2018-07-02,2024-10-19,"6335 points","Brad Anderson","Session 9","1964"
195,nm0005509,2018-06-24,2023-07-15,"6315 points","Jon Turteltaub","Cool Runnings","August 8, 1963"
196,nm0031976,2023-04-03,2023-04-03,"6301 points","Judd Apatow","Girls","December 6, 1967"
197,nm0268380,2021-07-19,2021-07-19,"6281points","Peter Farrelly","Green Book","December 17, 1956"
198,nm0387706,2018-07-05,2022-06-18,"6272 points","Gregory Hoblit","Hill Street Blues","November 27, 1944"
199,nm1837748,2024-02-02,2024-02-02,"6244 points","Josh Boone","The Fault in Our Stars","April 5, 1979"
200,nm0000484,2018-06-13,2018-06-20,"6240 points","John Landis","The Blues Brothers","August 3, 1950"
201,nm0718645,2018-06-16,2018-07-09,"6171 points","Ivan Reitman","Up in the Air","October 27, 1946"
202,nm0006904,2018-07-05,2018-07-10,"6154 points","Tony Gilroy","Michael Clayton","September 11, 1956"
203,nm0005237,2018-06-27,2018-07-02,"6135 points","Anthony Minghella","The Talented Mr. Ripley","January 6, 1954"
204,nm0001351,2018-06-03,2018-06-07,"6008 points","George Roy Hill","The Sting","December 20, 1921"
205,nm0006960,2018-06-28,2024-02-05,"5999 points","John Madden","Shakespeare in Love","April 8, 1949"
206,nm0001403,2018-06-24,2024-07-19,"5979 points","Neil Jordan","The Crying Game","February 25, 1950"
207,nm0323239,2024-12-07,2024-12-07,"5969 points","Will Gluck","Anyone But You","November 7, 1978"
208,nm1950086,2020-03-09,2023-09-09,"5944 points","Greta Gerwig","Barbie","August 4, 1983"
209,nm0107774,2018-07-02,2018-07-02,"5910 points","Eric Bress","The Butterfly Effect","December 29, 1968"
210,nm0000570,2018-06-12,2018-07-02,"5883 points","Alan Parker","Evita","February 14, 1944"
211,nm0177896,2022-02-11,2024-03-10,"5794 points","Bradley Cooper","A Star Is Born","January 5, 1975"
212,nm0384825,2018-07-07,2018-07-10,"5789 points","John Hillcoat","The Proposition","August 14, 1961"
213,nm0500610,2024-03-08,2025-01-08,"5779 points","David Leitch","Bullet Train","November 16, 1975"
214,nm0003620,2018-06-26,2018-07-06,"5774 points","Kevin Smith","Clerks","August 2, 1970"
215,nm0083348,2018-07-09,2018-07-09,"5771 points","Brad Bird","The Incredibles","September 24, 1957"
216,nm1049433,2018-07-13,2022-06-08,"5740 points","Lenny Abrahamson","Room","November 30, 1966"
217,nm0001379,2018-05-22,2018-06-10,"5715 points","John Huston","The Treasure of the Sierra Madre","August 5, 1906"
218,nm1016428,2018-07-07,2018-07-12,"5661 points","James Marsh","The Theory of Everything","April 30, 1963"
219,nm0003697,2018-07-04,2018-07-04,"5601 points","Florian Henckel von Donnersmarck","Das Leben der Anderen","May 2, 1973"
220,nm0955443,2018-07-01,2023-09-25,"5599 points","Yimou Zhang","Ying xiong","November 14, 1951"
221,nm0000957,2018-06-25,2018-06-27,"5581 points","Jan de Bont","Speed","October 22, 1943"
222,nm0006487,2018-06-22,2019-03-09,"5627 points","Jim Sheridan","In America","February 6, 1949"
223,nm0000247,2023-08-18,2023-08-18,"5585 points","John Woo","Ying hung boon sik","September 22, 1946"
224,nm2193504,2023-04-29,2024-03-11,"5508 points","Emerald Fennell","Saltburn","October 1, 1985"
225,nm0359734,2018-06-28,2018-07-11,"5440 points","Michael Haneke","Caché","March 23, 1942"
226,nm0000269,2018-06-17,2018-06-30,"5429 points","Jean-Jacques Annaud","The Name of the Rose","October 1, 1943"
227,nm1174251,2018-07-10,2023-03-01,"5406 points","Daniel Espinosa","Morbius","March 23, 1977"
228,nm0386570,2018-06-30,2018-07-02,"5358 points","Oliver Hirschbiegel","Das Experiment","December 29, 1957"
229,nm0777881,2018-07-08,2022-11-20,"5327 points","Robert Schwentke","Der Hauptmann","1968"
230,nm0943758,2018-05-23,2018-05-30,"5309 points","William Wyler","The Best Years of Our Lives","July 1, 1902"
231,nm0617042,2025-01-11,2025-01-11,"5272 points","Mark Mylod","Succession","1965"
232,nm0531817,2018-07-04,2023-05-08,"5256 points","Kevin Macdonald","The Last King of Scotland","October 28, 1967"
233,nm1410815,2018-07-08,2018-07-14,"5242 points","Asghar Farhadi","Forooshande","May 7, 1972"
234,nm0001331,2018-07-01,2024-09-02,"5242 points","Todd Haynes","Far from Heaven","January 2, 1961"
235,nm0000123,2018-07-01,2018-07-09,"5236 points","George Clooney","Michael Clayton","May 6, 1961"
236,nm3453283,2023-03-05,2023-03-05,"5185 points","Daniel Kwan","Everything Everywhere All at Once","February 10, 1988"
237,nm3215397,2023-03-05,2023-03-05,"5185 points","Daniel Scheinert","Everything Everywhere All at Once","June 7, 1987"
238,nm0400441,2018-07-08,2021-05-25,"5179 points","Allen Hughes","The Book of Eli","April 1, 1972"
239,nm0336695,2018-07-05,2023-03-15,"5162 points","James Gray","The Immigrant","April 14, 1969"
240,nm0001188,2018-06-24,2018-07-07,"5149 points","Nora Ephron","Julie & Julia","May 19, 1941"
241,nm0001628,2018-06-10,2018-07-03,"5141 points","Sydney Pollack","Tootsie","July 1, 1934"
242,nm1291105,2018-07-05,2018-07-10,"5108 points","J.A. Bayona","La sociedad de la nieve","May 9, 1975"
243,nm0936482,2024-05-06,2024-05-06,"5092 points","Len Wiseman","Underworld","March 4, 1973"
244,nm1509478,2021-09-07,2021-09-08,"5075 points","Benny Safdie","Good Time","February 24, 1986"
245,nm1343394,2021-09-07,2021-09-08,"5075 points","Josh Safdie","Uncut Gems","April 3, 1984"
246,nm0001675,2018-06-26,2023-07-08,"5027 points","Robert Rodriguez","El mariachi","June 20, 1968"
247,nm0000485,2018-05-17,2021-04-13,"5023 points","Fritz Lang","Le mépris","December 5, 1890"
248,nm0081540,2018-07-04,2021-12-17,"5010 points","Susanne Bier","Hævnen","April 15, 1960"
249,nm2158772,2018-07-10,2025-01-10,"4986 points","Jeff Nichols","Take Shelter","December 7, 1978"
250,nm0001047,2018-06-12,2018-06-12,"4884 points","Michael Cimino","The Deer Hunter","February 3, 1939"
251,nm0958387,2018-06-23,2020-08-19,"4857 points","Jerry Zucker","Airplane!","March 11, 1950"
252,nm0533284,2019-09-22,2023-05-02,"4852 points","David Mackenzie","Starred Up","May 10, 1966"
253,nm0001317,2021-07-07,2021-07-07,"4838 points","Renny Harlin","Driven","March 15, 1959"
254,nm0001490,2018-06-18,2024-05-12,"4797 points","Adrian Lyne","Jacob's Ladder","March 4, 1941"
255,nm0178376,2018-07-07,2023-03-05,"4782 points","Scott Cooper","Crazy Heart","April 20, 1970"
256,nm0000876,2018-07-03,2021-05-16,"4729 points","Noah Baumbach","White Noise","September 3, 1969"
257,nm0000019,2018-05-27,2018-06-07,"4727 points","Federico Fellini","8½","January 20, 1920"
258,nm0612322,2018-05-31,2018-05-31,"4668 points","Robert Mulligan","Summer of '42","August 23, 1925"
259,nm0318916,2018-07-05,2021-05-07,"4666 points","Craig Gillespie","I, Tonya","September 1, 1967"
260,nm1053530,2018-07-07,2018-07-14,"4665 points","Tom Ford","A Single Man","August 27, 1961"
261,nm0000110,2018-06-24,2023-11-22,"4640 points","Kenneth Branagh","Henry V","December 10, 1960"
262,nm0000985,2018-06-16,2018-06-27,"4611 points","James L. Brooks","Broadcast News","May 9, 1940"
263,nm1349522,2018-07-09,2018-07-09,"4600 points","Jonathan Levine","50/50","June 18, 1976"
264,nm0603628,2018-07-06,2018-07-06,"4598 points","Pierre Morel","Banlieue 13","May 12, 1964"
265,nm0003160,2023-08-17,2023-08-17,"4591 points","Christopher McQuarrie","The Usual Suspects","October 25, 1968"
266,nm0138809,2018-07-05,2018-07-14,"4572 points","John Carney","Sing Street","1972"
267,nm0815070,2021-04-24,2023-05-10,"4550 points","Aaron Sorkin","The West Wing","June 9, 1961"
268,nm0466349,2018-07-10,2021-07-12,"4456 points","Baltasar Kormákur","Mýrin","February 27, 1966"
269,nm0000568,2018-06-17,2021-05-01,"4434 points","Frank Oz","The Muppet Show","May 25, 1944"
270,nm0001402,2018-06-12,2018-06-12,"4427 points","Terry Jones","The Meaning of Life","February 1, 1942"
271,nm0585011,2018-06-29,2024-08-18,"4380 points","Roger Michell","Notting Hill","June 5, 1956"
272,nm0000277,2018-06-11,2018-06-24,"4340 points","Richard Attenborough","Jurassic Park","August 29, 1923"
273,nm0400436,2018-07-08,2021-05-25,"4330 points","Albert Hughes","The Book of Eli","April 1, 1972"
274,nm0357891,2018-05-31,2018-06-07,"4329 points","Guy Hamilton","Live and Let Die","September 16, 1922"
275,nm0870469,2024-03-04,2024-03-04,"4298 points","Dan Trachtenberg","Prey","May 11, 1981"
276,nm0001415,2018-05-26,2018-05-28,"4266 points","Elia Kazan","On the Waterfront","September 7, 1909"
277,nm0448768,2024-04-22,2024-05-07,"4238 points","Jennifer Kent","The Nightingale","March 5, 1969"
278,nm0000600,2019-11-06,2024-05-24,"4200 points","Sam Raimi","Spider-Man","October 23, 1959"
279,nm0923736,2018-07-03,2018-07-03,"4151 points","Joss Whedon","Buffy the Vampire Slayer","June 23, 1964"
280,nm0002045,2018-05-27,2018-06-03,"4129 points","Stanley Donen","Charade","April 13, 1924"
281,nm0939182,2018-06-25,2018-07-06,"4089 points","Wong Kar-Wai","Yi dai zong shi","July 17, 1956"
282,nm1243905,2023-12-02,2023-12-02,"4086 points","Michael Gracey","Better Man",
283,nm1079062,2021-05-24,2021-05-26,"4051 points","Oriol Paulo","El cuerpo","July 30, 1975"
284,nm0908824,2021-07-14,2023-04-15,"4041 points","Randall Wallace","We Were Soldiers","July 28, 1949"
285,nm0836328,2018-05-30,2018-05-31,"4006 points","John Sturges","The Great Escape","January 3, 1910"
286,nm0231596,2018-07-05,2023-05-02,"3995 points","Andrew Dominik","Chopper","October 7, 1967"
287,nm0797869,2018-06-28,2018-07-03,"3978 points","Brad Silberling","City of Angels","September 8, 1963"
288,nm0711840,2021-08-27,2021-08-27,"3970 points","Brett Ratner","Red Dragon","March 28, 1969"
289,nm0431918,2021-10-13,2021-10-13,"3965 points","Mike Judge","Beavis and Butt-Head Do America","October 17, 1962"
290,nm0481418,2018-07-05,2024-02-06,"3933 points","Richard LaGravenese","Freedom Writers","October 30, 1959"
291,nm1026778,2018-11-25,2023-10-27,"3911 points","Brad Furman","The Lincoln Lawyer","June 8"
292,nm0000316,2018-06-09,2020-09-02,"3903 points","Mel Brooks","Spaceballs","June 28, 1926"
293,nm0934483,2024-02-21,2024-02-21,"3901 points","Kurt Wimmer","Equilibrium","March 9, 1964"
294,nm0000406,2018-05-21,2019-06-06,"3884 points","John Ford","The Quiet Man","February 1, 1894"
295,nm0715636,2018-07-06,2018-07-06,"3824 points","Peyton Reed","Ant-Man","July 3, 1964"
296,nm1630273,2018-07-06,2018-07-09,"3811 points","Phyllida Lloyd","Mamma Mia!","June 17, 1957"
297,nm0000126,2018-06-23,2018-07-02,"3770 points","Kevin Costner","The Postman","January 18, 1955"
298,nm0371890,2018-07-09,2018-07-09,"3762 points","Michel Hazanavicius","The Artist","March 29, 1967"
299,nm0001219,2018-06-28,2023-11-21,"3762 points","Gary Fleder","Things to Do in Denver When You're Dead","December 19, 1965"
300,nm0001425,2018-06-23,2018-06-25,"3699 points","Krzysztof Kieslowski","La double vie de Véronique","June 27, 1941"
301,nm0462895,2021-01-18,2022-07-08,"3692 points","David Koepp","Jurassic Park","June 9, 1963"
302,nm0721817,2019-04-19,2019-06-27,"3682 points","Kevin Reynolds","Waterworld","January 17, 1952"
303,nm0936404,2018-05-26,2018-06-01,"3667 points","Robert Wise","West Side Story","September 10, 1914"
304,nm0001130,2018-06-30,2025-03-01,"3663 points","Ted Demme","Blow","October 26, 1963"
305,nm1170855,2018-07-09,2018-07-12,"3626 points","J.C. Chandor","A Most Violent Year",
306,nm0074163,2023-03-05,2025-01-08,"3611 points","Edward Berger","Im Westen nichts Neues","March 6, 1970"
307,nm0950109,2018-05-31,2018-06-01,"3604 points","Terence Young","Dr. No","June 20, 1915"
308,nm0422484,2018-06-01,2018-06-29,"3567 points","Norman Jewison","Jesus Christ Superstar","July 21, 1926"
309,nm0577647,2018-07-12,2018-07-14,"3567 points","Theodore Melfi","Hidden Figures","October 27"
310,nm0738796,2018-07-01,2018-07-08,"3558 points","Mark Romanek","Never Let Me Go","September 18, 1959"
311,nm0004675,2018-12-30,2022-01-12,"3533 points","Phil Alden Robinson","Field of Dreams","March 1, 1950"
312,nm0001328,2018-05-20,2018-05-30,"3517 points","Howard Hawks","Red River","May 30, 1896"
313,nm0291205,2018-07-04,2018-07-04,"3497 points","David Frankel","The Devil Wears Prada","April 2, 1959"
314,nm0440913,2018-06-26,2018-07-02,"3475 points","Mathieu Kassovitz","Le fabuleux destin d'Amélie Poulain","August 3, 1967"
315,nm0229694,2018-07-12,2022-06-09,"3467 points","David Dobkin","The Judge","June 23, 1969"
316,nm0601619,2018-07-01,2018-07-03,"3465 points","Michael Moore","Bowling for Columbine","April 23, 1954"
317,nm0000265,2018-06-03,2020-09-30,"3463 points","Robert Altman","Gosford Park","February 20, 1925"
318,nm0001878,2018-07-02,2020-08-19,"3440 points","David Zucker","Airplane!","October 16, 1947"
319,nm0945026,2024-04-27,2024-04-27,"3432 points","Boaz Yakin","Fresh","June 20, 1965"
320,nm0322515,2018-06-14,2018-06-18,"3387 points","John Glen","For Your Eyes Only","May 15, 1932"
321,nm1128037,2018-07-12,2023-10-23,"3356 points","Ruben Östlund","Triangle of Sadness","April 13, 1974"
322,nm0001789,2018-06-01,2019-03-07,"3353 points","Andrei Tarkovsky","Offret","April 4, 1932"
323,nm0267287,2024-06-06,2025-01-08,"3345 points","Coralie Fargeat","Revenge","November 24, 1976"
324,nm0002077,2021-01-01,2023-07-12,"3328 points","Dexter Fletcher","Ghosted","January 31, 1966"
325,nm0796923,2018-05-28,2018-06-12,"3310 points","Don Siegel","Dirty Harry","October 26, 1912"
326,nm0233757,2018-07-07,2018-07-07,"3307 points","Jaco Van Dormael","Mr. Nobody","February 9, 1957"
327,nm0138620,2018-07-09,2018-07-09,"3278 points","Joe Carnahan","Smokin' Aces","May 9, 1969"
328,nm0281945,2018-07-07,2018-07-07,"3275 points","Anne Fletcher","The Proposal","May 1, 1966"
329,nm0276062,2018-07-01,2023-05-02,"3271 points","Todd Field","Tár","February 24"
330,nm0751080,2018-06-25,2018-06-25,"3249 points","Chuck Russell","The Scorpion King","May 9, 1958"
331,nm1503575,2018-07-14,2018-07-14,"3247 points","Barry Jenkins","If Beale Street Could Talk","November 19, 1979"
332,nm0001239,2018-05-31,2018-06-28,"3226 points","John Frankenheimer","The Manchurian Candidate","February 19, 1930"
333,nm0345174,2018-12-18,2024-12-08,"3226 points","Luca Guadagnino","Challengers","August 10, 1971"
334,nm1294961,2020-03-16,2020-03-16,"3189 points","Michael Spierig","Predestination",
335,nm1294962,2020-03-16,2020-03-16,"3189 points","Peter Spierig","Predestination",
336,nm0848414,2018-06-30,2023-05-04,"3174 points","Lee Tamahori","Once Were Warriors","April 22, 1950"
337,nm0294379,2023-10-26,2023-10-26,"3137 points","Juan Carlos Fresnadillo","Damsel","December 5, 1967"
338,nm0594503,2018-06-27,2018-06-27,"3113 points","Hayao Miyazaki","Sen to Chihiro no kamikakushi","January 5, 1941"
339,nm0001112,2018-06-24,2018-06-28,"3111 points","Andrew Davis","The Fugitive","November 21, 1946"
340,nm0831557,2019-12-29,2019-12-29,"3075 points","Nicholas Stoller","The Muppets","March 19, 1976"
341,nm0432627,2019-07-06,2019-07-06,"3060 points","Gil Junger","10 Things I Hate About You","November 7"
342,nm0005190,2018-06-23,2018-07-08,"3056 points","Garry Marshall","A League of Their Own","November 13, 1934"
343,nm0919369,2018-07-08,2018-07-08,"3024 points","Paul Weitz","About a Boy","November 19, 1965"
344,nm0518836,2018-07-14,2018-07-14,"3018 points","Kenneth Lonergan","Manchester by the Sea","October 16, 1962"
345,nm0649117,2018-07-07,2018-07-07,"3009 points","Niels Arden Oplev","Män som hatar kvinnor","March 26, 1961"
346,nm0103785,2021-06-19,2021-06-19,"3001 points","Zach Braff","Garden State","April 6, 1975"
347,nm0000134,2018-07-04,2019-01-05,"2988 points","Robert De Niro","Cape Fear","August 17, 1943"
348,nm0001175,2018-05-30,2018-05-31,"2985 points","Blake Edwards","The Pink Panther Strikes Again","July 26, 1922"
349,nm0001348,2018-06-06,2020-10-08,"2963 points","Werner Herzog","Fitzcarraldo","September 5, 1942"
350,nm0220600,2018-07-06,2018-07-10,"2962 points","Scott Derrickson","The Black Phone","July 16, 1966"
351,nm1079776,2024-01-29,2024-01-29,"2954 points","George Nolfi","The Bourne Ultimatum",
352,nm1767218,2024-07-23,2024-07-23,"2939 points","Lee Toland Krieger","The Age of Adaline","January 24, 1983"
353,nm0655683,2018-07-05,2024-05-06,"2918 points","José Padilha","Tropa de Elite","August 1, 1967"
354,nm1191481,2024-08-26,2024-08-26,"2892 points","Leigh Whannell","Saw","January 17, 1977"
355,nm0834902,2018-07-12,2018-07-12,"2887 points","Robert Stromberg","Avatar",
356,nm2308774,2021-08-16,2024-02-13,"2884 points","Destin Daniel Cretton","Shang-Chi and the Legend of the Ten Rings","November 23, 1978"
357,nm0467646,2018-11-23,2018-11-23,"2883 points","Ted Kotcheff","Weekend at Bernie's","April 7, 1931"
358,nm0200005,2018-07-07,2018-07-11,"2878 points","Lee Daniels","Precious","December 24, 1959"
359,nm0853380,2018-07-01,2018-07-05,"2853 points","Julie Taymor","Frida","December 15, 1952"
360,nm0082450,2018-07-09,2018-07-09,"2839 points","Paul Feig","Ghostbusters","September 17, 1962"
361,nm0000243,2018-07-14,2024-03-09,"2809 points","Denzel Washington","Fences","December 28, 1954"
362,nm3613566,2024-07-11,2024-07-11,"2790 points","Yeon Sang-ho","Busanhaeng",
363,nm0335138,2018-07-08,2024-04-17,"2781 points","Debra Granik","Winter's Bone","February 6, 1963"
364,nm1092087,2023-07-01,2023-07-01,"2750 points","Sam Hargrave","Extraction",
365,nm0000602,2018-06-13,2019-01-02,"2748 points","Robert Redford","The Natural","August 18, 1936"
366,nm0453518,2018-07-02,2024-04-15,"2748 points","Kim Jee-woon","Joeun nom, napun nom, esanghan nom","July 6, 1964"
367,nm0001587,2018-06-10,2019-06-04,"2743 points","Alan J. Pakula","Sophie's Choice","April 7, 1928"
368,nm1322753,2024-03-10,2024-03-10,"2697 points","Sam Esmail","Mr. Robot","September 17, 1977"
369,nm0000816,2018-06-23,2018-07-06,"2692 points","Jon Avnet","Fried Green Tomatoes","November 17, 1949"
370,nm0769874,2018-06-03,2018-06-07,"2688 points","Franklin J. Schaffner","Planet of the Apes","May 30, 1920"
371,nm0536632,2018-06-30,2018-06-30,"2687 points","Sharon Maguire","Bridget Jones's Baby","November 28, 1960"
372,nm1793079,2025-01-08,2025-01-08,"2650 points","Fede Alvarez","Alien: Romulus","February 9, 1978"
373,nm0000720,2020-08-19,2020-08-19,"2641 points","Jim Abrahams","Airplane!","May 10, 1944"
374,nm0004303,2018-07-06,2023-08-15,"2640 points","Gavin Hood","Official Secrets","May 12, 1963"
375,nm0330687,2018-07-11,2018-07-11,"2640 points","Joseph Gordon-Levitt","Inception","February 17, 1981"
376,nm0002728,2018-07-07,2018-07-07,"2629 points","Juan José Campanella","El secreto de sus ojos","July 19, 1959"
377,nm0000694,2018-06-16,2024-07-09,"2613 points","Wim Wenders","Der Himmel über Berlin","August 14, 1945"
378,nm0751577,2023-03-05,2023-03-05,"2612 points","Anthony Russo","Everything Everywhere All at Once","February 3, 1970"
379,nm0204628,2018-07-14,2018-07-14,"2610 points","Garth Davis","Lion","December 2, 1973"
380,nm0281508,2018-07-11,2018-07-11,"2598 points","Ruben Fleischer","Zombieland","October 31, 1974"
381,nm0001681,2018-06-02,2020-10-13,"2585 points","George A. Romero","Land of the Dead","February 4, 1940"
382,nm0528718,2019-04-04,2022-11-13,"2568 points","Jonathan Lynn","Clue","April 3, 1943"
383,nm0001353,2018-06-12,2023-09-11,"2560 points","Walter Hill","48 Hrs.","January 10, 1942"
384,nm0276349,2018-07-04,2022-02-13,"2554 points","Shane Meadows","This Is England","December 26, 1972"
385,nm0254178,2019-03-09,2019-03-09,"2549 points","Adam Elliot","Mary and Max.","January 2, 1972"
386,nm0000934,2018-06-06,2018-07-02,"2545 points","Bernardo Bertolucci","Il conformista","March 16, 1941"
387,nm0000915,2018-06-22,2025-01-16,"2540 points","Bruce Beresford","Driving Miss Daisy","August 16, 1940"
388,nm0919363,2018-07-01,2021-09-10,"2535 points","Chris Weitz","About a Boy","November 30, 1969"
389,nm0617130,2025-01-20,2025-01-20,"2535 points","Daniel Myrick","The Blair Witch Project","September 3, 1963"
390,nm0812200,2018-06-30,2018-06-30,"2506 points","Iain Softley","Backbeat","1958"
391,nm0005303,2018-06-29,2018-07-11,"2506 points","Kimberly Peirce","Boys Don't Cry","September 8, 1967"
392,nm0318150,2018-06-01,2018-06-12,"2503 points","Lewis Gilbert","Alfie","March 6, 1920"
393,nm0001338,2019-04-28,2019-04-28,"2492 points","Brian Helgeland","Finestkind","January 17"
394,nm0001408,2019-04-10,2023-05-06,"2490 points","Shekhar Kapur","Elizabeth","December 6, 1945"
395,nm0000581,2018-05-26,2018-06-06,"2466 points","Joseph L. Mankiewicz","All About Eve","February 11, 1909"
396,nm1167933,2018-07-12,2018-07-12,"2464 points","Damián Szifron","Relatos salvajes","July 9, 1975"
397,nm1259871,2021-02-06,2022-06-10,"2456 points","John Crowley","Brooklyn","August 19, 1969"
398,nm0715346,2018-05-25,2018-05-25,"2455 points","Carol Reed","The Third Man","December 30, 1906"
399,nm1093039,2024-02-24,2024-02-24,"2443 points","Mike Flanagan","The Life of Chuck","May 20, 1978"
400,nm0174374,2018-07-04,2023-10-02,"2439 points","Bill Condon","Dreamgirls","October 22, 1955"
401,nm0004234,2023-11-23,2023-11-23,"2419 points","Alfonso Gomez-Rejon","Me and Earl and the Dying Girl",
402,nm2942187,2023-11-22,2023-11-22,"2409 points","Darius Marder","Sound of Metal",
403,nm0000824,2018-06-11,2024-11-09,"2398 points","John Badham","WarGames","August 25, 1939"
404,nm0708903,2018-07-09,2018-12-20,"2393 points","Lynne Ramsay","We Need to Talk About Kevin","December 5, 1969"
405,nm0000076,2018-05-30,2018-06-01,"2392 points","François Truffaut","La nuit américaine","February 6, 1932"
406,nm0000362,2018-06-22,2022-08-27,"2369 points","Danny DeVito","Matilda","November 17, 1944"
407,nm0459170,2018-06-12,2018-06-12,"2368 points","Randal Kleiser","Grease","July 20, 1946"
408,nm0269463,2018-07-12,2018-07-12,"2357 points","Jon Favreau","Chef","October 19, 1966"
409,nm0379179,2018-07-07,2018-07-07,"2346 points","Mark Herman","The Boy in the Striped Pajamas","1954"
410,nm0590122,2018-07-08,2023-11-06,"2334 points","Mike Mills","Beginners","1966"
411,nm1720541,2023-12-17,2023-12-17,"2334 points","David Slade","Hard Candy","September 26, 1969"
412,nm0142286,2021-12-18,2021-12-18,"2309 points","D.J. Caruso","I Am Number Four","January 17, 1965"
413,nm0304521,2018-06-30,2018-07-04,"2284 points","Christophe Gans","Le pacte des loups","March 11, 1960"
414,nm1560977,2018-07-09,2021-04-26,"2283 points","Cary Joji Fukunaga","Beasts of No Nation","July 10, 1977"
415,nm0770942,2018-07-05,2018-07-05,"2277 points","Richard Schenkman","The Man from Earth","March 6"
416,nm0049371,2018-07-05,2018-07-05,"2273 points","Jaume Balagueró","[Rec]","November 2, 1968"
417,nm0687042,2018-07-05,2018-07-05,"2273 points","Paco Plaza","[Rec]","1973"
418,nm2155757,2020-02-09,2020-02-09,"2257 points","Josh Cooley","Toy Story 4",
419,nm0254786,2018-07-02,2018-07-03,"2244 points","David R. Ellis","The Matrix Reloaded","September 8, 1952"
420,nm0002653,2023-01-15,2023-05-17,"2239 points","Joe Johnston","Captain America: The First Avenger","May 13, 1950"
421,nm0525659,2018-07-06,2018-07-06,"2237 points","Robert Luketic","The Ugly Truth","November 1, 1973"
422,nm0065615,2018-07-02,2018-07-02,"2214 points","Wolfgang Becker","Good Bye Lenin!","June 22, 1954"
423,nm1099918,2024-12-04,2025-01-08,"2212 points","Jeremy Saulnier","Rebel Ridge","June 10, 1976"
424,nm0000127,2018-09-25,2018-09-25,"2197 points","Wes Craven","A Nightmare on Elm Street","August 2, 1939"
425,nm0190780,2022-06-13,2022-06-13,"2196 points","Gabor Csupo","Rugrats","September 29, 1952"
426,nm2391575,2020-10-03,2021-07-03,"2194 points","David Michôd","The King",
427,nm0792263,2018-08-24,2018-08-24,"2192 points","Taylor Sheridan","Hell or High Water","July 17, 1969"
428,nm0431918,2024-09-17,2024-09-17,"2179 points","Mike Judge","Beavis and Butt-Head Do America","October 17, 1962"
429,nm2125482,2021-09-13,2021-09-13,"2177 points","Chloé Zhao","Nomadland","March 31, 1982"
430,nm0005436,2022-04-26,2022-04-26,"2175 points","John Singleton","Boyz n the Hood","January 6, 1968"
431,nm0772259,2018-06-03,2018-06-10,"2171 points","John Schlesinger","Midnight Cowboy","February 16, 1926"
432,nm0442241,2018-06-16,2020-08-31,"2171 points","Philip Kaufman","The Right Stuff","October 23, 1936"
433,nm0001437,2018-06-24,2018-06-28,"2138 points","Emir Kusturica","Arizona Dream","November 24, 1954"
434,nm0001120,2018-05-23,2018-05-23,"2128 points","Vittorio De Sica","Ladri di biciclette","July 7, 1901"
435,nm0000149,2018-07-09,2024-08-22,"2128 points","Jodie Foster","The Silence of the Lambs","November 19, 1962"
436,nm0002191,2018-07-07,2018-07-10,"2125 points","Jacques Audiard","Emilia Pérez","April 30, 1952"
437,nm0815204,2018-07-11,2018-07-13,"2116 points","Paolo Sorrentino","È stata la mano di Dio","May 31, 1970"
438,nm0742341,2018-06-01,2018-06-01,"2111 points","Stuart Rosenberg","Cool Hand Luke","August 11, 1927"
439,nm0003638,2018-05-17,2021-04-13,"2106 points","F.W. Murnau","Sunrise: A Song of Two Humans","December 28, 1888"
440,nm0000797,2018-06-05,2018-06-12,"2103 points","Hal Ashby","In the Heat of the Night","September 2, 1929"
441,nm0001005,2018-06-24,2022-02-09,"2100 points","Jane Campion","Bright Star","April 30, 1954"
442,nm0442109,2018-07-07,2022-06-23,"2099 points","Charlie Kaufman","I'm Thinking of Ending Things","November 19, 1958"
443,nm0829038,2018-05-31,2018-05-31,"2096 points","Robert Stevenson","Mary Poppins","March 31, 1905"
444,nm0048918,2019-04-20,2025-01-08,"2091 points","Sean Baker","Red Rocket","February 26"
445,nm0835799,2018-07-08,2018-07-08,"2073 points","Mel Stuart","Willy Wonka & the Chocolate Factory","September 2, 1928"
446,nm0262595,2021-04-25,2021-04-25,"2068 points","Bruce A. Evans","Stand by Me","September 19, 1946"
447,nm0019242,2018-07-07,2018-07-07,"2067 points","Daniel Alfredson","Flickan som lekte med elden","May 23, 1959"
448,nm0163706,2020-12-23,2020-12-23,"2067 points","Bob Clark","A Christmas Story","August 5, 1939"
449,nm0451148,2018-07-05,2018-07-05,"2062 points","Aamir Khan","Dangal","March 14, 1965"
450,nm0019247,2018-07-06,2018-07-06,"2058 points","Tomas Alfredson","Tinker Tailor Soldier Spy","April 1, 1965"
451,nm1580671,2023-03-30,2023-09-05,"2056 points","Jon S. Baird","Filth","November 1972"
452,nm2782185,2018-07-10,2018-07-10,"2028 points","Rupert Sanders","Snow White and the Huntsman","March 16, 1971"
453,nm0006854,2018-06-27,2018-06-27,"2027 points","Roger Spottiswoode","48 Hrs.","January 5, 1945"
454,nm0006452,2018-05-30,2018-06-01,"2022 points","Stanley Kramer","Judgment at Nuremberg","September 29, 1913"
455,nm0003593,2018-05-27,2018-05-27,"2017 points","Fred Zinnemann","A Man for All Seasons","April 29, 1907"
456,nm0886976,2018-07-11,2023-09-10,"2004 points","Felix van Groeningen","Beautiful Boy","November 1, 1977"
457,nm3229507,2024-07-23,2024-07-23,"1984 points","Olivia Newman","Where the Crawdads Sing",
458,nm0771054,2018-07-07,2018-07-07,"1955 points","Lone Scherfig","An Education","May 2"
459,nm0567620,2018-07-12,2019-01-31,"1955 points","John Michael McDonagh","The Guard","1967"
460,nm0781842,2018-07-06,2018-07-06,"1910 points","Peter Segal","Naked Gun 33 1/3: The Final Insult","April 20, 1962"
461,nm0141961,2021-06-29,2021-06-29,"1901 points","Thomas Carter","Coach Carter","July 17, 1953"
462,nm0002339,2018-07-08,2018-07-08,"1891 points","Allen Coulter","Remember Me",
463,nm0179221,2018-07-06,2018-07-12,"1889 points","Anton Corbijn","Control","May 20, 1955"
464,nm0158966,2018-07-08,2018-07-08,"1889 points","Lisa Cholodenko","The Kids Are All Right","June 5, 1964"
465,nm0001093,2018-06-28,2018-06-28,"1875 points","John Dahl","The Last Seduction","June 15, 1956"
466,nm1093053,2023-04-26,2023-04-26,"1869 points","Brian Percival","The Book Thief",
467,nm0111845,2018-07-06,2018-07-06,"1854 points","Adam Brooks","Definitely, Maybe","September 3"
468,nm0240797,2024-08-13,2024-08-13,"1845 points","Dennis Dugan","Happy Gilmore","September 5, 1946"
469,nm1883257,2018-07-14,2023-11-03,"1838 points","Pablo Larraín","No","August 19, 1976"
470,nm0444244,2018-07-11,2018-07-11,"1824 points","Abdellatif Kechiche","La vie d'Adèle","December 7, 1960"
471,nm0297935,2023-07-03,2023-07-03,"1813 points","Kinji Fukasaku","Batoru rowaiaru","July 3, 1930"
472,nm0002030,2018-05-21,2018-05-31,"1808 points","George Cukor","My Fair Lady","July 7, 1899"
473,nm0788234,2018-07-06,2018-07-06,"1808 points","John Patrick Shanley","Moonstruck","October 3, 1950"
474,nm0001603,2018-06-03,2018-06-05,"1807 points","Sam Peckinpah","The Wild Bunch","February 21, 1925"
475,nm0001723,2024-04-07,2024-04-07,"1807 points","Tom Shadyac","The Nutty Professor","December 11, 1958"
476,nm1104118,2018-07-02,2018-07-03,"1804 points","Kim Ki-duk","Binjip","December 20, 1960"
477,nm0000958,2018-06-06,2021-02-07,"1802 points","John Boorman","Hope and Glory","January 18, 1933"
478,nm1140275,2018-07-11,2018-07-11,"1798 points","Steven Knight","Serenity","August 5, 1959"
479,nm0625458,2018-06-30,2018-06-30,"1796 points","Jessie Nelson","I Am Sam","June 2"
480,nm0001508,2018-06-23,2019-07-11,"1778 points","Penny Marshall","Laverne & Shirley","October 15, 1943"
481,nm0193508,2018-07-09,2018-07-13,"1777 points","Simon Curtis","Goodbye Christopher Robin","March 11, 1960"
482,nm0001401,2018-07-29,2018-07-29,"1767 points","Angelina Jolie","Maleficent","June 4, 1975"
483,nm0000914,2018-06-12,2018-06-12,"1760 points","Robert Benton","Kramer vs. Kramer","September 29, 1932"
484,nm0490487,2018-07-01,2018-07-01,"1740 points","Wai Keung Lau","Mou gaan dou","April 4, 1960"
485,nm1969144,2024-03-11,2024-03-11,"1739 points","Gene Stupnitsky","The Office","August 26, 1977"
486,nm0773603,2018-07-05,2018-07-05,"1731 points","Julian Schnabel","Before Night Falls","October 26, 1951"
487,nm3232264,2022-11-12,2022-11-12,"1726 points","Reinaldo Marcus Green","King Richard","December 16, 1981"
488,nm0000200,2024-05-05,2024-05-07,"1723 points","Bill Paxton","Aliens","May 17, 1955"
489,nm0138927,2018-07-01,2023-05-06,"1709 points","Niki Caro","Whale Rider","September 20, 1966"
490,nm0920274,2018-07-08,2018-07-11,"1708 points","John Wells","The Company Men","May 28, 1956"
491,nm0420941,2018-07-02,2018-07-02,"1702 points","Patty Jenkins","Wonder Woman","July 24, 1971"
492,nm1290515,2021-05-25,2021-05-25,"1674 points","Antonio Campos","The Staircase","August 24, 1983"
493,nm0001994,2019-04-14,2023-09-02,"1667 points","Michael Caton-Jones","Memphis Belle","October 15, 1957"
494,nm0436284,2023-06-29,2023-06-29,"1662 points","Scott Kalvert","The Basketball Diaries","August 15, 1964"
495,nm0322242,2018-07-11,2024-03-23,"1660 points","Jonathan Glazer","Under the Skin","March 26, 1965"
496,nm2947553,2019-04-04,2022-04-02,"1655 points","Na Hong-jin","Chugyeokja","1974"
497,nm0389591,2018-06-28,2020-05-24,"1653 points","P.J. Hogan","Muriel's Wedding","November 30, 1962"
498,nm0000736,2018-05-31,2018-06-01,"1648 points","Robert Aldrich","Emperor of the North Pole","August 9, 1918"
499,nm0300866,2018-07-03,2018-07-03,"1632 points","Stephen Gaghan","Syriana","May 6, 1965"
500,nm0959062,2018-06-30,2018-06-30,"1603 points","Terry Zwigoff","Ghost World","May 18, 1949"
501,nm0187769,2018-06-20,2018-06-20,"1598 points","Charles Crichton","A Fish Called Wanda","August 6, 1910"
502,nm0181902,2018-06-24,2018-06-24,"1597 points","George P. Cosmatos","Rambo: First Blood Part II","January 4, 1941"
503,nm0167241,2018-05-27,2018-05-28,"1594 points","Henri-Georges Clouzot","Le salaire de la peur","November 20, 1907"
504,nm0423646,2018-06-16,2021-01-01,"1585 points","Roland Joffé","The Mission","November 17, 1945"
505,nm0421314,2018-07-03,2024-01-06,"1580 points","Anders Thomas Jensen","Retfærdighedens ryttere","April 6, 1972"
506,nm0006846,2024-08-21,2024-08-21,"1575 points","Ric Roman Waugh","Shot Caller","February 20"
507,nm1108007,2021-12-20,2024-11-22,"1574 points","David Lowery","A Ghost Story","December 26, 1980"
508,nm0405632,2018-07-03,2020-12-02,"1566 points","Mikael Håfström","Ondskan","July 1, 1960"
509,nm1725469,2021-08-30,2021-08-30,"1553 points","Florian Zeller","The Father","June 28, 1979"
510,nm0951975,2021-12-19,2023-11-11,"1547 points","S. Craig Zahler","Bone Tomahawk","January 23, 1973"
511,nm0935095,2018-07-03,2018-07-03,"1545 points","Gary Winick","Tadpole","March 31, 1961"
512,nm1168657,2018-07-02,2023-04-30,"1504 points","Andrey Zvyagintsev","Nelyubov","February 6, 1964"
513,nm0075666,2024-03-11,2024-03-11,"1504 points","Joe Berlinger","Paradise Lost: The Child Murders at Robin Hood Hills","October 30, 1961"
514,nm0104193,2024-07-17,2024-07-17,"1504 points","Marco Brambilla","Heaven's Gate","1960"
515,nm0001843,2018-05-18,2018-05-20,"1496 points","James Whale","The Bride of Frankenstein","July 22, 1889"
516,nm0001214,2018-06-26,2018-06-26,"1493 points","Mike Figgis","Leaving Las Vegas","February 28, 1948"
517,nm3519173,2022-02-09,2022-02-09,"1493 points","Nora Fingscheidt","Systemsprenger","February 17, 1983"
518,nm0001915,2018-11-14,2018-11-14,"1492 points","Emile Ardolino","Dirty Dancing","May 9, 1943"
519,nm0438090,2018-07-09,2018-07-13,"1491 points","Asif Kapadia","The Warrior","1972"
520,nm0000036,2018-05-17,2021-04-16,"1489 points","Buster Keaton","The General","October 4, 1895"
521,nm0792202,2018-07-05,2018-07-05,"1489 points","Kirsten Sheridan","In America","July 14, 1976"
522,nm0322144,2018-07-12,2018-07-12,"1483 points","Richard Glatzer","Still Alice","January 28, 1952"
523,nm0863387,2018-06-30,2018-06-30,"1482 points","George Tillman Jr.","The Hate U Give","January 26, 1969"
524,nm0000829,2025-01-19,2025-01-19,"1470 points","Stuart Baird","Skyfall","January 14, 1947"
525,nm0802248,2018-07-04,2018-07-04,"1465 points","Tarsem Singh","The Fall","May 26, 1961"
526,nm2436566,2024-01-07,2024-01-07,"1459 points","Tyler Nilson","The Peanut Butter Falcon","July 26, 1981"
527,nm1481618,2023-01-09,2023-01-09,"1454 points","Peter Landesman","Concussion",
528,nm0003088,2018-06-26,2018-06-26,"1436 points","Chris Noonan","Babe","November 14, 1952"
529,nm0000776,2018-06-29,2018-06-29,"1425 points","Michael Apted","Amazing Grace","February 10, 1941"
530,nm0758574,2018-07-03,2018-07-03,"1413 points","Walter Salles","Central do Brasil","April 12, 1956"
531,nm2630323,2024-03-10,2024-03-10,"1408 points","Justine Triet","Anatomie d'une chute","July 17, 1978"
532,nm0337773,2021-09-07,2024-06-29,"1396 points","David Gordon Green","Halloween Kills","April 9, 1975"
533,nm0795290,2018-07-14,2018-07-14,"1390 points","Michael Showalter","Wet Hot American Summer","June 17, 1970"
534,nm1699934,2025-03-01,2025-03-01,"1382 points","Sean Durkin","Martha Marcy May Marlene","December 9, 1981"
535,nm0600546,2018-06-28,2018-07-01,"1372 points","Lukas Moodysson","Fucking Åmål","January 17, 1969"
536,nm0424103,2018-07-09,2018-07-09,"1370 points","Karan Johar","Kabhi Khushi Kabhie Gham...","May 25, 1972"
537,nm0412465,2018-06-16,2018-06-24,"1364 points","James Ivory","Call Me by Your Name","June 7, 1928"
538,nm0695937,2018-05-22,2018-05-30,"1361 points","Otto Preminger","Stalag 17","December 5, 1905"
539,nm0348993,2023-03-05,2023-03-05,"1333 points","Mark Gustafson","Guillermo del Toro's Pinocchio","September 19, 1959"
540,nm0304541,2018-07-07,2018-07-07,"1332 points","Dennis Gansel","Die Welle","October 4, 1973"
541,nm0671957,2018-06-01,2018-06-01,"1330 points","Arthur Penn","Bonnie and Clyde","September 27, 1922"
542,nm0788940,2018-06-10,2018-06-10,"1327 points","Jim Sharman","The Rocky Horror Picture Show","March 12, 1945"
543,nm1041597,2018-07-03,2018-07-03,"1318 points","Morgan Spurlock","Super Size Me","November 7, 1970"
544,nm0000786,2023-11-06,2023-11-06,"1307 points","George Armitage","Grosse Pointe Blank","1942"
545,nm0192845,2018-07-04,2018-07-04,"1295 points","John Curran","Chappaquiddick","September 11, 1960"
546,nm0001452,2018-05-28,2018-05-28,"1289 points","Charles Laughton","Witness for the Prosecution","July 1, 1899"
547,nm2482088,2020-03-02,2020-03-02,"1287 points","Tommy Wirkola","Død snø 2","December 6, 1979"
548,nm0516360,2018-07-04,2018-07-14,"1284 points","Ken Loach","Sorry We Missed You","June 17, 1936"
549,nm0082802,2018-07-05,2018-07-05,"1282 points","Mike Binder","The Comedy Store","June 2, 1958"
550,nm8083973,2024-10-19,2024-10-21,"1267 points","Cory Finley","Thoroughbreds",
551,nm10227660,2024-03-09,2024-03-09,"1267 points","Celine Song","Past Lives","September 19, 1988"
552,nm0001226,2018-06-24,2018-06-24,"1264 points","James Foley","At Close Range","December 28"
553,nm0382956,2018-06-27,2024-02-14,"1257 points","Scott Hicks","Shine","March 4, 1953"
554,nm0001410,2018-06-26,2022-03-10,"1255 points","Lawrence Kasdan","The Big Chill","January 14, 1949"
555,nm0357453,2018-07-03,2018-07-03,"1252 points","John Hamburg","Little Fockers","May 26, 1970"
556,nm0000750,2018-06-29,2018-07-02,"1248 points","Jon Amiel","Copycat","May 20, 1948"
557,nm0332950,2018-07-01,2018-07-01,"1229 points","Ashutosh Gowariker","Swades: We, the People","February 15, 1964"
558,nm1818032,2023-04-05,2023-04-05,"1229 points","Lee Isaac Chung","Minari","October 19, 1978"
559,nm0149446,2023-09-05,2023-09-05,"1228 points","Gurinder Chadha","Bend It Like Beckham","January 10, 1960"
560,nm3489851,2023-04-28,2023-04-28,"1222 points","Shaka King","Judas and the Black Messiah","March 7, 1980"
561,nm1148550,2018-07-12,2018-07-12,"1221 points","Ava DuVernay","Selma","August 24, 1972"
562,nm0562266,2018-07-03,2018-07-03,"1219 points","John Maybury","Love Is the Devil: Study for a Portrait of Francis Bacon","1958"
563,nm0611683,2018-06-17,2018-06-17,"1214 points","Russell Mulcahy","Highlander","June 23, 1953"
564,nm1258686,2023-11-06,2023-11-06,"1208 points","Joachim Trier","Thelma","March 1, 1974"
565,nm0000671,2019-01-15,2019-01-15,"1207 points","Billy Bob Thornton","Sling Blade","August 4, 1955"
566,nm0381416,2018-07-07,2018-07-07,"1207 points","Grant Heslov","Argo","May 15, 1963"
567,nm0712753,2024-02-08,2024-07-22,"1203 points","Billy Ray","Captain Phillips",
568,nm0264236,2018-07-04,2018-07-04,"1202 points","Richard Eyre","Notes on a Scandal","March 28, 1943"
569,nm3363032,2021-06-24,2021-06-24,"1200 points","Ryan Coogler","Black Panther: Wakanda Forever","May 23, 1986"
570,nm0911910,2018-06-28,2018-06-28,"1193 points","Vincent Ward","The Navigator: A Medieval Odyssey","February 16, 1956"
571,nm2277869,2018-07-06,2018-07-06,"1189 points","Marjane Satrapi","Persepolis","November 22, 1969"
572,nm1749112,2018-07-06,2018-07-06,"1189 points","Vincent Paronnaud","Persepolis","1970"
573,nm0499724,2021-03-20,2021-03-20,"1181 points","Michael Lehmann","Hudson Hawk","March 30, 1957"
574,nm0149491,2018-07-07,2018-07-07,"1178 points","Justin Chadwick","Mandela: Long Walk to Freedom","December 1, 1968"
575,nm1547964,2018-07-08,2018-07-08,"1173 points","Richard Ayoade","Submarine","May 23, 1977"
576,nm0126096,2024-01-09,2024-01-09,"1172 points","James Ward Byrkit","Coherence",
577,nm0000454,2018-06-03,2019-03-20,"1171 points","Dennis Hopper","Easy Rider","May 17, 1936"
578,nm0015359,2018-07-03,2018-07-08,"1167 points","Fatih Akin","Aus dem Nichts","August 25, 1973"
579,nm0671210,2019-04-17,2019-04-17,"1161 points","Mark Pellington","Arlington Road","March 17, 1962"
580,nm0196860,2018-07-06,2018-07-06,"1160 points","Olivier Dahan","La Môme","June 26, 1967"
581,nm3026537,2024-03-09,2024-03-09,"1160 points","Grant Singer","The Weeknd feat. Daft Punk: Starboy","July 23, 1985"
582,nm1022455,2018-07-10,2018-07-10,"1158 points","Benh Zeitlin","Beasts of the Southern Wild","October 14, 1982"
583,nm0000209,2018-06-26,2018-06-26,"1156 points","Tim Robbins","Mystic River","October 16, 1958"
584,nm0000953,2018-06-07,2018-06-16,"1153 points","Peter Bogdanovich","The Last Picture Show","July 30, 1939"
585,nm4627221,2022-12-15,2022-12-15,"1150 points","Darin J. Sallam","Farha",
586,nm0404606,2018-06-02,2019-09-24,"1140 points","Brian G. Hutton","Where Eagles Dare","May 2, 1929"
587,nm0712947,2018-05-28,2018-05-28,"1138 points","Nicholas Ray","Rebel Without a Cause","August 7, 1911"
588,nm0748066,2018-07-10,2018-07-10,"1131 points","Henry Alex Rubin","Murderball",
589,nm1312919,2018-07-12,2022-09-09,"1127 points","Yann Demange","'71",
590,nm0391502,2025-02-27,2025-02-27,"1121 points","Hannes Holm","En man som heter Ove","November 26, 1962"
591,nm0001345,2018-06-17,2018-06-17,"1115 points","Jim Henson","The Muppet Show","September 24, 1936"
592,nm1716636,2022-06-18,2022-06-18,"1111 points","Marielle Heller","The Diary of a Teenage Girl","October 1, 1979"
593,nm1118351,2024-11-29,2024-11-29,"1107 points","Jalmari Helander","Rare Exports","July 21, 1976"
594,nm1314116,2018-07-07,2018-07-07,"1103 points","Saul Dibb","The Duchess","1968"
595,nm0164187,2022-08-18,2022-08-18,"1102 points","Larry Clark","Bully","January 19, 1943"
596,nm0592135,2022-02-09,2022-02-09,"1085 points","Lin-Manuel Miranda","Hamilton","January 16, 1980"
597,nm0855035,2024-07-10,2024-07-10,"1077 points","Andy Tennant","Fool's Gold","June 15, 1955"
598,nm0601382,2024-11-03,2024-11-03,"1077 points","John Moore","Max Payne","1970"
599,nm0959034,2021-10-10,2021-10-10,"1075 points","Joel Zwick","My Big Fat Greek Wedding","January 11, 1942"
600,nm0149196,2018-07-09,2018-07-12,"1069 points","Nuri Bilge Ceylan","Bir Zamanlar Anadolu'da","January 26, 1959"
601,nm0001460,2018-06-30,2018-06-30,"1063 points","Mimi Leder","The Morning Show","January 26, 1952"
602,nm3968825,2024-03-26,2024-03-26,"1057 points","Michael Sarnoski","Pig",
603,nm0460206,2024-03-08,2024-03-08,"1056 points","Brian Klugman","The Words","September 14, 1975"
604,nm0914132,2018-07-03,2018-07-03,"1052 points","Mark Waters","(500) Days of Summer","June 30, 1964"
605,nm0001281,2018-07-09,2018-07-09,"1046 points","Bobcat Goldthwait","God Bless America","May 26, 1962"
606,nm0005101,2022-12-19,2022-12-19,"1046 points","Harmony Korine","Gummo","January 4, 1973"
607,nm2905562,2018-07-07,2018-07-07,"1041 points","Daniel Barber","Harry Brown","1965"
608,nm0697656,2024-07-21,2024-07-21,"1038 points","Gina Prince-Bythewood","Love & Basketball","June 10"
609,nm0705535,2018-06-16,2022-07-02,"1036 points","Michael Radford","Il postino","February 24, 1946"
610,nm0001887,2021-01-16,2021-01-16,"1034 points","Paul Brickman","Risky Business","April 23, 1949"
611,nm0281396,2018-07-04,2018-07-04,"1029 points","Ryan Fleck","Captain Marvel","September 20, 1976"
612,nm0006889,2018-06-16,2018-06-22,"1024 points","Herbert Ross","The Turning Point","May 13, 1927"
613,nm0001361,2018-06-14,2018-06-14,"1019 points","Tobe Hooper","The Texas Chain Saw Massacre","January 25, 1943"
614,nm0070594,2018-07-10,2018-07-10,"1017 points","Malik Bendjelloul","Searching for Sugar Man","September 14, 1977"
615,nm1503403,2018-07-03,2018-07-03,"1015 points","Shane Carruth","Upstream Color","1972"
616,nm1077168,2022-02-09,2022-02-09,"1011 points","Yann Samuell","Jeux d'enfants","June 7, 1965"
617,nm1166926,2018-07-02,2018-07-02,"1000 points","Vadim Perelman","House of Sand and Fog","1963"
618,nm0000777,2023-08-23,2023-08-23,"1000 points","Gregg Araki","Mysterious Skin","December 17, 1959"
619,nm2304675,2022-09-11,2022-09-11,"990 points","Lulu Wang","The Farewell","February 25, 1983"
620,nm1404307,2022-02-09,2022-02-09,"983 points","Simon Stone","The Daughter","August 19, 1984"
621,nm0122427,2021-06-15,2021-06-15,"979 points","Rob Burnett","The Fundamentals of Caring","July 8, 1962"
622,nm0000419,2018-05-30,2019-08-26,"975 points","Jean-Luc Godard","Bande à part","December 3, 1930"
623,nm0587518,2018-06-14,2018-06-14,"974 points","John Milius","Conan the Barbarian","April 11, 1944"
624,nm0787601,2018-07-01,2018-07-01,"968 points","Steven Shainberg","Secretary","February 5, 1963"
625,nm0911334,2024-02-07,2024-02-07,"965","Matthew Warchus","Pride","October 24, 1966"
626,nm0744035,2018-05-30,2018-05-30,"954 points","Robert Rossen","The Hustler","March 16, 1908"
627,nm0001754,2018-06-28,2018-06-28,"953 points","Todd Solondz","Welcome to the Dollhouse","October 15, 1959"
628,nm0429963,2018-07-08,2018-07-08,"948 points","Gregor Jordan","Two Hands","1966"
629,nm0466153,2020-05-23,2020-05-23,"945 points","Hirokazu Koreeda","Manbiki kazoku","June 6, 1962"
630,nm0413875,2018-06-24,2018-06-24,"942 points","Mick Jackson","Volcano","October 4, 1943"
631,nm0001707,2024-02-18,2024-02-18,"936 points","Paul Schrader","First Reformed","July 22, 1946"
632,nm1033517,2020-01-13,2020-01-13,"927 points","Ariel Vromen","The Iceman","February 14, 1973"
633,nm0000438,2023-06-24,2023-06-24,"925 points","Ed Harris","Appaloosa","November 28, 1950"
634,nm0001915,2018-06-24,2018-06-24,"921 points","Emile Ardolino","Dirty Dancing","May 9, 1943"
635,nm0916424,2018-07-02,2018-07-02,"917 points","Peter Webber","Girl with a Pearl Earring","May 1960"
636,nm0496969,2023-02-24,2023-02-24,"913 points","Lee Chang-dong","Beoning","April 1, 1954"
637,nm0002191,2021-12-10,2021-12-10,"908 points","Jacques Audiard","Emilia Pérez","April 30, 1952"
638,nm1023919,2022-09-19,2022-09-19,"908 points","Ramin Bahrani","99 Homes","March 20, 1975"
639,nm0420422,2018-07-07,2018-07-07,"904 points","Christine Jeffs","Sunshine Cleaning","January 29, 1963"
640,nm0600409,2018-07-07,2018-07-07,"894 points","Daniel Monzón","Celda 211","1968"
641,nm0002645,2020-12-08,2020-12-08,"884 points","Paolo Genovese","Perfetti sconosciuti","August 20, 1966"
642,nm0003433,2018-05-17,2021-04-12,"881 points","Carl Theodor Dreyer","Gertrud","February 3, 1889"
643,nm0587277,2018-05-18,2018-05-18,"877 points","Lewis Milestone","All Quiet on the Western Front","September 30, 1895"
644,nm2441699,2024-03-11,2024-03-11,"877 points","Graham Moore","The Imitation Game","October 18, 1981"
645,nm2105585,2023-03-05,2023-03-05,"875 points","Tobias Lindholm","Druk","July 5, 1977"
646,nm1047532,2022-04-10,2022-04-10,"862 points","Brian Kirk","21 Bridges","1968"
647,nm0284369,2018-07-07,2018-07-07,"860 points","Ari Folman","Vals Im Bashir","December 17, 1962"
648,nm0614682,2018-07-08,2018-07-08,"855 points","Ryan Murphy","Glee","November 9, 1965"
649,nm0564827,2023-03-22,2023-03-22,"854 points","Tim McCanlies","The Iron Giant","1953"
650,nm0612816,2018-07-06,2018-07-06,"847 points","Cristian Mungiu","4 luni, 3 saptamâni si 2 zile","April 27, 1968"
651,nm0774325,2018-05-19,2018-05-19,"841 points","Ernest B. Schoedsack","Dr. Cyclops","June 8, 1893"
652,nm0178260,2018-05-19,2018-05-19,"841 points","Merian C. Cooper","King Kong","October 24, 1893"
653,nm0927468,2018-05-17,2018-05-17,"837 points","Robert Wiene","Das Cabinet des Dr. Caligari","April 24, 1873"
654,nm0640466,2025-01-22,2025-01-22,"837 points","Pat O'Connor","The Ballroom of Romance","1943"
655,nm0637615,2018-07-01,2018-07-01,"836 points","Gaspar Noé","Enter the Void","December 27, 1963"
656,nm6852255,2024-03-11,2024-03-11,"836 points","Cord Jefferson","American Fiction","January 26, 1982"
657,nm0000382,2018-07-07,2018-07-07,"834 points","Atom Egoyan","The Sweet Hereafter","July 19, 1960"
658,nm0573796,2018-06-28,2018-06-28,"832 points","John McNaughton","Henry: Portrait of a Serial Killer","January 13, 1950"
659,nm3133017,2022-08-28,2022-08-28,"830 points","Mehmet Ada Öztekin","Yedinci Kogustaki Mucize","1975"
660,nm0001178,2018-05-17,2018-05-17,"819 points","Sergei Eisenstein","Ivan Groznyy","January 22, 1898"
661,nm5029795,2022-08-14,2022-08-14,"819 points","Jeymes Samuel","The Harder They Fall","July 27, 1979"
662,nm0620378,2020-06-25,2020-06-25,"814 points","Hideo Nakata","Honogurai mizu no soko kara","July 19, 1961"
663,nm0036349,2018-07-07,2018-07-07,"812 points","Andrea Arnold","American Honey","April 5, 1961"
664,nm0154819,2018-06-24,2018-06-24,"810 points","Jeremiah S. Chechik","Benny & Joon","1955"
665,nm0867127,2018-07-10,2018-07-10,"809 points","Mark Tonderai","Spell","July 16, 1974"
666,nm0001302,2021-01-06,2021-01-06,"802 points","Christopher Guest","This Is Spinal Tap","February 5, 1948"
667,nm0056725,2018-07-03,2018-07-03,"793 points","Christophe Barratier","Les choristes","June 17, 1963"
668,nm0081433,2020-12-15,2020-12-15,"785 points","Fabián Bielinsky","Nueve reinas","February 3, 1959"
669,nm0000630,2018-07-03,2018-07-03,"781 points","Liev Schreiber","Spotlight","October 4, 1967"
670,nm2406731,2022-05-17,2022-05-17,"776 points","Bryan Fogel","Icarus","June 8"
671,nm0181903,2024-07-10,2024-07-10,"774 points","Panos Cosmatos","Mandy",
672,nm0690597,2018-06-01,2018-06-01,"773 points","Gillo Pontecorvo","La battaglia di Algeri","November 19, 1919"
673,nm0428600,2024-02-06,2024-02-06,"771 points","Kirk Jones","Waking Ned","October 31, 1964"
674,nm0362566,2024-10-10,2024-10-10,"771 points","Catherine Hardwicke","Twilight","October 21, 1955"
675,nm1193346,2024-04-24,2024-04-24,"770 points","Sean Ellis","Metro Manila","November 24, 1970"
676,nm0392237,2018-07-11,2018-07-11,"762 points","Nicole Holofcener","Enough Said","March 22, 1960"
677,nm0254632,2022-01-15,2022-01-15,"761 points","Stephan Elliott","The Adventures of Priscilla, Queen of the Desert","August 27, 1964"
678,nm0476201,2018-07-03,2018-07-03,"759 points","Karyn Kusama","The Invitation","March 21, 1968"
679,nm0000783,2022-05-21,2022-05-21,"756 points","Dario Argento","Profondo rosso","September 7, 1940"
680,nm1706767,2021-01-25,2021-01-25,"752 points","Jonah Hill","21 Jump Street","December 20, 1983"
681,nm0006498,2018-06-28,2018-06-28,"742 points","Majid Majidi","Bacheha-ye aseman","April 17, 1959"
682,nm0520749,2018-07-10,2018-07-10,"741 points","Robert Lorenz","In the Land of Saints & Sinners",
683,nm0001570,2021-09-11,2021-09-11,"739 points","Edward Norton","Fight Club","August 18, 1969"
684,nm0688636,2018-07-12,2018-07-12,"738 points","Laura Poitras","Citizenfour","February 2, 1964"
685,nm0423626,2018-07-12,2018-07-12,"738 points","Rowan Joffe","The Informer","1972"
686,nm0847690,2018-07-07,2018-07-07,"734 points","Yôjirô Takita","Okuribito","December 4, 1955"
687,nm0133899,2018-07-04,2018-07-04,"730 points","Guillaume Canet","Jeux d'enfants","April 10, 1973"
688,nm3152327,2022-09-04,2022-09-04,"727 points","Ryûsuke Hamaguchi","Aku wa sonzai shinai","December 16, 1978"
689,nm0505152,2018-06-25,2018-06-25,"724 points","Brian Levant","Still the Beaver","August 6, 1952"
690,nm0378144,2024-06-03,2024-06-03,"721 points","Jonathan Hensleigh","Armageddon","February 13, 1959"
691,nm0606439,2018-07-08,2018-07-08,"718 points","Christopher Morris","Four Lions","September 5, 1965"
692,nm0009463,2021-05-15,2021-05-15,"718 points","Hany Abu-Assad","Omar","October 11, 1961"
693,nm0230859,2018-07-12,2018-07-12,"714 points","Xavier Dolan","J'ai tué ma mère","March 20, 1989"
694,nm0654868,2018-05-27,2018-05-27,"711 points","Yasujirô Ozu","Tôkyô monogatari","December 12, 1903"
695,nm2610231,2023-06-27,2023-06-27,"710 points","Zal Batmanglij","The East","April 28, 1981"
696,nm0564970,2018-05-19,2018-05-19,"706 points","Leo McCarey","An Affair to Remember","October 3, 1896"
697,nm0001124,2018-05-28,2018-05-28,"704 points","Cecil B. DeMille","The Ten Commandments","August 12, 1881"
698,nm0946811,2018-06-02,2018-06-02,"703 points","Peter Yates","Breaking Away","July 24, 1929"
699,nm0054954,2023-03-05,2023-03-05,"700 points","Mike Barker","The Handmaid's Tale","November 29, 1965"
700,nm0265363,2018-06-17,2018-06-17,"700 points","Peter Faiman","Crocodile Dundee","1944"
701,nm0586281,2018-06-29,2018-06-29,"695 points","Takashi Miike","Koroshiya 1","August 24, 1960"
702,nm7546166,2020-11-23,2020-11-23,"695 points","Gustav Möller","Den skyldige","1988"
703,nm1595280,2024-04-18,2024-04-18,"693 points","James Gartner","Glory Road","1950"
704,nm0191147,2024-11-16,2024-11-16,"684 points","Michael Cuesta","L.I.E.","July 8, 1963"
705,nm0602104,2019-02-05,2019-02-05,"683 points","Jocelyn Moorhouse","The Dressmaker","September 4, 1960"
706,nm0086301,2021-09-13,2021-09-13,"683 points","Macon Blair","Blue Ruin","November 14, 1974"
707,nm2011696,2021-04-23,2021-04-23,"676 points","Dee Rees","Mudbound","February 7, 1977"
708,nm0467396,2018-05-26,2018-05-26,"674 points","Henry Koster","Harvey","May 1, 1905"
709,nm1993322,2018-07-10,2018-07-10,"671 points","Timo Vuorensola","Iron Sky","November 29, 1979"
710,nm1701024,2020-01-25,2020-01-25,"670 points","Nadine Labaki","Et maintenant on va où?","February 18, 1974"
711,nm1731154,2024-02-11,2024-02-11,"666 points","Farhad Safinia","Apocalypto","1975"
712,nm1906430,2018-07-10,2018-07-10,"665 points","Nicholas Jarecki","Arbitrage",
713,nm0476064,2024-07-24,2024-07-24,"664 points","Alex Kurtzman","Sleepy Hollow","September 7, 1973"
714,nm0593463,2018-07-08,2018-07-08,"663 points","John Cameron Mitchell","Hedwig and the Angry Inch","April 21, 1963"
715,nm1960322,2018-07-09,2018-07-09,"663 points","Nick Murphy","A Spy Among Friends",
716,nm0802693,2018-06-10,2018-06-10,"661 points","Ramesh Sippy","Sholay","January 23, 1947"
717,nm1009775,2024-07-19,2024-07-19,"659 points","Greg Marcks","11:14","August 12, 1976"
718,nm0465551,2023-06-25,2023-06-25,"650 points","Martin Koolhoven","Brimstone","April 25, 1969"
719,nm0315065,2018-07-10,2018-07-10,"648 points","Sacha Gervasi","Anvil: The Story of Anvil","1966"
720,nm0201094,2018-07-12,2018-07-12,"646 points","Jean-Pierre Dardenne","Deux jours, une nuit","April 21, 1951"
721,nm0201095,2018-07-12,2018-07-12,"646 points","Luc Dardenne","Deux jours, une nuit","March 10, 1954"
722,nm0398185,2019-12-18,2019-12-18,"646 points","Peter Howitt","Sliding Doors","May 5, 1957"
723,nm0855300,2024-05-31,2024-05-31,"645 points","Jonathan Teplitzky","The Railway Man",
724,nm0223359,2018-07-01,2018-07-01,"645 points","Tom Dey","Shanghai Noon","April 14, 1965"
725,nm1703612,2018-07-06,2018-07-06,"645 points","Joby Harold","Obi-Wan Kenobi",
726,nm0692872,2018-06-07,2018-06-07,"638 points","Ted Post","Magnum Force","March 31, 1918"
727,nm0031078,2018-07-09,2018-07-09,"638 points","Steve Antin","The Goonies","April 19, 1958"
728,nm1053371,2022-04-25,2022-04-25,"635 points","Duncan Tucker","Transamerica",
729,nm0997291,2018-07-13,2018-07-13,"633 points","Justin Kurzel","Nitram","August 3, 1974"
730,nm3834799,2023-03-17,2023-03-17,"632 points","Charlotte Wells","Aftersun","June 13, 1987"
731,nm0506802,2018-07-10,2018-07-10,"631 points","Ben Lewin","The Sessions","1946"
732,nm1285613,2018-07-09,2018-07-09,"631 points","Andrew Jarecki","Capturing the Friedmans","March 24, 1963"
733,nm0000770,2021-04-16,2021-04-16,"630 points","David Anspaugh","Hoosiers","September 24, 1946"
734,nm0784061,2018-06-24,2018-06-24,"629 points","Dominic Sena","Kalifornia","April 26, 1949"
735,nm0371059,2018-06-13,2018-06-13,"629 points","Jamie Uys","The Gods Must Be Crazy","May 30, 1921"
736,nm0881038,2018-06-23,2018-06-23,"626 points","Ron Underwood","Tremors","November 6"
737,nm0496746,2018-05-30,2018-06-11,"625 points","J. Lee Thompson","The Guns of Navarone","August 1, 1914"
738,nm0378893,2023-05-30,2023-05-30,"623 points","Stephen Herek","Critters","November 10, 1958"
739,nm0550881,2018-06-24,2018-06-24,"619 points","Frank Marshall","The Curious Case of Benjamin Button","September 13, 1946"
740,nm1994243,2023-06-02,2023-06-02,"613 points","Scott Z. Burns","The Report","July 17, 1962"
741,nm0849786,2018-07-01,2018-07-01,"611 points","Danis Tanovic","No Man's Land","February 20, 1969"
742,nm1120092,2023-05-31,2023-05-31,"610 points","Jasmila Zbanic","Quo Vadis, Aida?","December 19, 1974"
743,nm0091076,2021-12-06,2021-12-06,"607 points","Sergei Bodrov","Mongol","June 28, 1948"
744,nm0001676,2018-06-07,2018-06-07,"605 points","Nicolas Roeg","Don't Look Now","August 15, 1928"
745,nm0580729,2023-10-24,2023-10-24,"605 points","E. Elias Merhige","Shadow of the Vampire","1964"
746,nm0035462,2018-07-04,2018-07-04,"603 points","Neil Armfield","Candy","April 22, 1955"
747,nm11813828,2021-06-29,2021-06-29,"603 points","Pippa Ehrlich","My Octopus Teacher",
748,nm1624755,2021-06-29,2021-06-29,"603 points","James Reed","My Octopus Teacher",
749,nm0000774,2018-06-01,2018-06-01,"601 points","Michelangelo Antonioni","L'avventura","September 29, 1912"
750,nm0750275,2021-07-20,2021-07-20,"600 points","Björn Runge","The Wife","June 21, 1961"
751,nm0771923,2018-07-13,2018-07-13,"600 points","Sebastian Schipper","Victoria","May 8, 1968"
752,nm0115218,2018-05-18,2018-05-18,"598 points","Tod Browning","Dracula","July 12, 1880"
753,nm3734458,2021-05-21,2021-05-21,"598 points","Rupert Goold","Judy","1972"
754,nm0001252,2018-06-28,2018-06-28,"593 points","Vincent Gallo","Buffalo '66","April 11, 1961"
755,nm0578483,2018-06-01,2018-06-01,"588 points","Jean-Pierre Melville","Le samouraï","October 20, 1917"
756,nm0000806,2022-04-28,2022-04-28,"588 points","Bille August","Pelle erobreren","November 9, 1948"
757,nm3592235,2018-07-11,2018-07-11,"588 points","Ritesh Batra","The Lunchbox","June 12, 1979"
758,nm0188165,2018-07-01,2018-07-01,"586 points","Michael Cristofer","Die Hard with a Vengeance","January 22, 1945"
759,nm1223381,2025-01-13,2025-01-13,"585 points","Andrés Baiz","La cara oculta","1975"
760,nm1443023,2020-10-21,2020-10-21,"584 points","Nacho Vigalondo","Los cronocrímenes","1977"
761,nm0002160,2018-06-11,2018-06-11,"583 points","Moustapha Akkad","The Message","July 1, 1930"
762,nm0797455,2018-07-08,2018-07-08,"581 points","Floria Sigismondi","The Runaways","1965"
763,nm0775056,2023-08-31,2023-08-31,"575 points","Maria Schrader","She Said","September 27"
764,nm0796124,2018-06-23,2018-06-23,"575 points","Charles Shyer","Private Benjamin","October 11, 1941"
765,nm0844358,2018-06-12,2018-06-12,"573 points","Jeannot Szwarc","Somewhere in Time","November 21, 1937"
766,nm0394280,2024-02-27,2024-02-27,"573 points","Stephen Hopkins","Lost in Space","November 1"
767,nm0000519,2024-10-27,2024-10-27,"572 points","David Mamet","House of Games","November 30, 1947"
768,nm1699934,2018-07-09,2018-07-09,"572 points","Sean Durkin","Martha Marcy May Marlene","December 9, 1981"
769,nm1064048,2018-07-11,2018-07-11,"572 points","Nikolaj Arcel","Bastarden","August 25, 1972"
770,nm0406334,2018-07-14,2018-07-14,"572 points","Armando Iannucci","The Death of Stalin","November 28, 1963"
771,nm0667734,2018-07-12,2018-07-12,"571 points","Pawel Pawlikowski","Ida","September 15, 1957"
772,nm0644203,2023-12-19,2023-12-19,"570 points","Steve Oedekerk","Kung Pow: Enter the Fist","November 27, 1961"
773,nm0399853,2018-06-14,2018-06-14,"567 points","Hugh Hudson","Chariots of Fire","August 25, 1936"
774,nm0001710,2018-07-09,2018-07-09,"567 points","David Schwimmer","Friends","November 2, 1966"
775,nm0624102,2023-01-14,2023-01-14,"565 points","Hal Needham","The Cannonball Run","March 6, 1931"
776,nm0000320,2018-06-01,2018-06-01,"564 points","Luis Buñuel","Le charme discret de la bourgeoisie","February 22, 1900"
777,nm1461392,2018-07-10,2018-07-10,"563 points","Joachim Rønning","Pirates of the Caribbean: Dead Men Tell No Tales","May 30, 1972"
778,nm1650283,2018-07-10,2018-07-10,"563 points","Espen Sandberg","Kon-Tiki","June 17, 1971"
779,nm0249291,2023-06-03,2023-06-03,"561 points","Joel Edgerton","The Gift","June 23, 1974"
780,nm2171633,2018-07-12,2018-07-12,"560 points","Baran bo Odar","Who Am I - Kein System ist sicher","April 18, 1978"
781,nm1100217,2022-07-02,2022-07-02,"558 points","Richie Smyth","The Siege of Jadotville",
782,nm0350454,2022-02-09,2022-02-09,"557 points","Maggie Gyllenhaal","Secretary","November 16, 1977"
783,nm0075528,2025-01-08,2025-01-08,"556 points","Greg Berlanti","Love, Simon","May 24, 1972"
784,nm1841577,2018-07-13,2018-07-13,"555 points","László Nemes","Saul fia","February 18, 1977"
785,nm0000389,2018-07-04,2018-07-04,"554 points","Emilio Estevez","The Way","May 12, 1962"
786,nm0000788,2018-06-25,2018-06-25,"548 points","Gillian Armstrong","My Brilliant Career","December 18, 1950"
787,nm0001282,2018-07-08,2018-07-08,"547 points","Tony Goldwyn","Ghost","May 20, 1960"
788,nm0891554,2020-12-27,2020-12-27,"546 points","Francis Veber","Le dîner de cons","July 28, 1937"
789,nm1037221,2023-05-05,2023-05-05,"545 points","Sergio G. Sánchez","Marrowbone","1973"
790,nm0610960,2021-04-11,2021-04-11,"543 points","Kornél Mundruczó","Jupiter holdja","April 3, 1975"
791,nm0112218,2018-05-29,2018-05-29,"537 points","Richard Brooks","In Cold Blood","May 18, 1912"
792,nm0836715,2021-09-03,2021-09-03,"536 points","Philipp Stölzl","Nordwand","1967"
793,nm0011752,2018-07-14,2018-07-14,"533 points","Maren Ade","Toni Erdmann","December 12, 1976"
794,nm0000169,2019-05-31,2019-05-31,"533 points","Tommy Lee Jones","The Homesman","September 15, 1946"
795,nm0368871,2018-06-03,2018-06-03,"532 points","Henry Hathaway","True Grit","March 13, 1898"
796,nm0000801,2022-10-02,2022-10-02,"531 points","Olivier Assayas","Personal Shopper","January 25, 1955"
797,nm0911061,2018-06-26,2018-06-26,"527 points","Wayne Wang","Smoke","January 12, 1949"
798,nm0302780,2018-07-13,2018-07-13,"527 points","Florian Gallenberger","Colonia","1972"
799,nm0654830,2018-07-02,2018-07-02,"526 points","François Ozon","Dans la maison","November 15, 1967"
800,nm1377207,2024-01-10,2024-01-10,"526 points","Santiago Mitre","Argentina, 1985","December 4, 1980"
801,nm0920108,2018-07-02,2018-07-02,"526 points","Audrey Wells","The Hate U Give","January 25, 1960"
802,nm0001429,2024-07-02,2024-07-02,"525 points","Takeshi Kitano","Zatôichi","January 18, 1947"
803,nm0005563,2024-01-10,2024-01-10,"521 points","Irwin Winkler","Life as a House","May 28, 1931"
804,nm0747849,2024-03-18,2024-03-18,"519 points","Joseph Ruben","Dreamscape","May 10, 1950"
805,nm0585344,2024-07-19,2024-07-19,"519 points","Jim Mickle","Stake Land",
806,nm0000341,2018-06-07,2018-06-07,"518 points","Michael Crichton","Jurassic Park","October 23, 1942"
807,nm0469694,2023-04-14,2023-04-14,"518 points","Wayne Kramer","The Cooler","1965"
808,nm0000641,2018-06-24,2018-06-24,"516 points","Gary Sinise","Forrest Gump","March 17, 1955"
809,nm0005139,2018-06-27,2018-06-27,"515 points","Mike Leigh","Secrets & Lies","February 20, 1943"
810,nm0780833,2018-05-23,2018-05-23,"515 points","George Seaton","Miracle on 34th Street","April 17, 1911"
811,nm0458251,2020-03-11,2020-03-11,"510 points","Cédric Klapisch","L'auberge espagnole","September 4, 1961"
812,nm0506094,2022-02-09,2022-02-09,"509 points","Sam Levinson","Euphoria","January 8, 1985"
813,nm0623768,2018-06-06,2018-06-06,"508 points","Ronald Neame","Great Expectations","April 23, 1911"
814,nm1177494,2019-08-01,2019-08-01,"507 points","David Wnendt","Er ist wieder da","1977"
815,nm0724938,2018-07-03,2018-07-03,"506 points","Jean-François Richet","L'instinct de mort","July 2, 1966"
816,nm2776774,2024-11-01,2024-11-01,"506 points","Alma Har'el","Honey Boy","July 2, 1975"
817,nm0281507,2018-06-07,2018-06-07,"505 points","Richard Fleischer","Soylent Green","December 8, 1916"
818,nm0172772,2018-06-03,2018-06-03,"504 points","Peter Collinson","The Italian Job","April 1, 1936"
819,nm0959774,2018-07-01,2018-07-01,"504 points","Jonas Åkerlund","Lords of Chaos","November 10, 1965"
820,nm0527109,2018-07-07,2018-07-07,"504 points","Rod Lurie","The Outpost","May 15, 1962"
821,nm0248942,2018-07-07,2018-07-07,"502 points","Uli Edel","Der Baader Meinhof Komplex","April 11, 1947"
822,nm0000425,2018-06-22,2018-06-22,"500 points","Peter Greenaway","The Cook, the Thief, His Wife & Her Lover","April 5, 1942"
